City,Sessions,% New Sessions,New Users,Bounce Rate,Pages / Session,Avg. Session Duration,Goal Conversion Rate,Goal Completions,Goal Value
(not set),"1,387",99.78%,"1,384",85.72%,1.12,00:00:25,0.00%,0,$0.00
Houston,640,32.03%,205,5.16%,14.05,00:07:25,0.00%,0,$0.00
Samara,99,3.03%,3,91.92%,1.15,00:00:00,0.00%,0,$0.00
New York,97,100.00%,97,84.54%,1.37,00:00:14,0.00%,0,$0.00
London,43,100.00%,43,51.16%,2.37,00:00:28,0.00%,0,$0.00
Izhevsk,41,2.44%,1,100.00%,1.00,00:00:00,0.00%,0,$0.00
Amsterdam-Zuidoost,40,100.00%,40,100.00%,1.00,00:00:00,0.00%,0,$0.00
Chicago,33,96.97%,32,69.70%,1.94,00:00:10,0.00%,0,$0.00
Beijing,31,87.10%,27,67.74%,1.13,00:01:50,0.00%,0,$0.00
Nashville,29,31.03%,9,10.34%,5.07,00:05:17,0.00%,0,$0.00
Seoul,28,100.00%,28,75.00%,2.25,00:00:02,0.00%,0,$0.00
Los Angeles,28,85.71%,24,60.71%,3.18,00:01:20,0.00%,0,$0.00
League City,27,48.15%,13,3.70%,7.00,00:01:24,0.00%,0,$0.00
Denver,25,80.00%,20,60.00%,2.64,00:00:41,0.00%,0,$0.00
Myrtle Beach,25,8.00%,2,0.00%,4.04,00:00:46,0.00%,0,$0.00
Moscow,24,45.83%,11,87.50%,1.33,00:00:05,0.00%,0,$0.00
Lynchburg,23,100.00%,23,95.65%,1.04,00:00:03,0.00%,0,$0.00
Sao Paulo,19,89.47%,17,36.84%,2.05,00:00:01,0.00%,0,$0.00
Boston,19,94.74%,18,73.68%,1.89,00:02:11,0.00%,0,$0.00
Alexandria,19,100.00%,19,78.95%,0.89,00:00:05,0.00%,0,$0.00
Reykjavik,17,41.18%,7,11.76%,5.00,00:08:18,0.00%,0,$0.00
Chantilly,17,100.00%,17,0.00%,2.24,00:00:01,0.00%,0,$0.00
San Diego,16,100.00%,16,75.00%,1.62,00:00:16,0.00%,0,$0.00
San Francisco,16,87.50%,14,56.25%,2.69,00:01:10,0.00%,0,$0.00
Overland Park,16,100.00%,16,100.00%,1.00,00:00:00,0.00%,0,$0.00
Ashburn,16,100.00%,16,43.75%,1.56,00:00:05,0.00%,0,$0.00
Sydney,14,100.00%,14,42.86%,2.50,00:00:49,0.00%,0,$0.00
Toronto,14,100.00%,14,50.00%,2.71,00:00:04,0.00%,0,$0.00
Hong Kong,14,100.00%,14,71.43%,1.86,00:00:36,0.00%,0,$0.00
Dublin,14,100.00%,14,64.29%,1.43,<00:00:01,0.00%,0,$0.00
Atlanta,14,35.71%,5,50.00%,6.43,00:04:13,0.00%,0,$0.00
Arlington,14,100.00%,14,92.86%,0.93,00:00:00,0.00%,0,$0.00
Chuo,14,100.00%,14,92.86%,0.93,00:00:00,0.00%,0,$0.00
Cairo,13,100.00%,13,84.62%,0.85,00:00:00,0.00%,0,$0.00
Rio de Janeiro,12,100.00%,12,41.67%,3.25,00:00:14,0.00%,0,$0.00
Shenzhen,12,100.00%,12,91.67%,1.08,00:00:25,0.00%,0,$0.00
Stuttgart,12,100.00%,12,75.00%,1.25,00:00:28,0.00%,0,$0.00
Paris,12,100.00%,12,83.33%,1.50,00:00:56,0.00%,0,$0.00
Rome,12,100.00%,12,66.67%,1.50,00:00:02,0.00%,0,$0.00
Austin,12,83.33%,10,33.33%,2.50,00:00:36,0.00%,0,$0.00
Washington,11,100.00%,11,90.91%,1.09,00:00:00,0.00%,0,$0.00
Springfield,11,18.18%,2,9.09%,3.91,00:01:08,0.00%,0,$0.00
Portland,11,63.64%,7,27.27%,5.27,<00:00:01,0.00%,0,$0.00
Dallas,11,100.00%,11,63.64%,1.45,00:01:25,0.00%,0,$0.00
Saint-Valery-en-Caux,11,18.18%,2,0.00%,14.09,00:03:04,0.00%,0,$0.00
Brisbane,10,100.00%,10,70.00%,1.50,00:00:05,0.00%,0,$0.00
Shinjuku,10,100.00%,10,100.00%,1.00,00:00:00,0.00%,0,$0.00
Sandton,10,100.00%,10,100.00%,1.00,00:00:00,0.00%,0,$0.00
Meridian charter Township,10,100.00%,10,80.00%,1.20,00:00:36,0.00%,0,$0.00
Guangzhou,9,100.00%,9,88.89%,1.11,00:00:33,0.00%,0,$0.00
Magdeburg,9,100.00%,9,100.00%,1.00,00:00:00,0.00%,0,$0.00
Madrid,9,100.00%,9,77.78%,1.67,00:00:07,0.00%,0,$0.00
New Delhi,9,100.00%,9,77.78%,1.67,00:00:15,0.00%,0,$0.00
Amsterdam,9,77.78%,7,88.89%,1.11,<00:00:01,0.00%,0,$0.00
Oslo,9,100.00%,9,66.67%,1.67,00:00:06,0.00%,0,$0.00
Saint Petersburg,9,11.11%,1,100.00%,1.00,00:00:00,0.00%,0,$0.00
Greensboro,9,100.00%,9,0.00%,12.33,<00:00:01,0.00%,0,$0.00
Henderson,9,33.33%,3,11.11%,4.56,00:04:47,0.00%,0,$0.00
Laval,8,25.00%,2,25.00%,2.12,00:00:14,0.00%,0,$0.00
Shanghai,8,100.00%,8,87.50%,0.88,00:00:00,0.00%,0,$0.00
Chongqing,8,100.00%,8,62.50%,1.38,00:01:06,0.00%,0,$0.00
Bogota,8,100.00%,8,100.00%,1.00,00:00:00,0.00%,0,$0.00
Mumbai,8,100.00%,8,75.00%,1.25,<00:00:01,0.00%,0,$0.00
Kyiv,8,62.50%,5,87.50%,1.12,00:00:34,0.00%,0,$0.00
Cambridge,8,100.00%,8,75.00%,1.00,00:00:11,0.00%,0,$0.00
Pittsburgh,8,100.00%,8,87.50%,1.12,00:00:00,0.00%,0,$0.00
Vienna,7,85.71%,6,57.14%,2.00,00:00:03,0.00%,0,$0.00
Campinas,7,57.14%,4,0.00%,4.29,00:04:45,0.00%,0,$0.00
Mississauga,7,100.00%,7,42.86%,2.43,00:03:11,0.00%,0,$0.00
Montreal,7,100.00%,7,42.86%,2.43,00:00:14,0.00%,0,$0.00
Milan,7,100.00%,7,85.71%,1.14,00:00:00,0.00%,0,$0.00
Chiyoda,7,100.00%,7,85.71%,0.86,00:00:00,0.00%,0,$0.00
Osaka,7,100.00%,7,100.00%,1.00,00:00:00,0.00%,0,$0.00
San Jose,7,100.00%,7,71.43%,1.71,00:00:05,0.00%,0,$0.00
Cape Town,7,57.14%,4,28.57%,5.29,00:02:34,0.00%,0,$0.00
Fortaleza,6,100.00%,6,33.33%,1.33,00:00:00,0.00%,0,$0.00
Belo Horizonte,6,100.00%,6,33.33%,1.67,<00:00:01,0.00%,0,$0.00
Hangzhou,6,100.00%,6,66.67%,1.33,00:00:23,0.00%,0,$0.00
Chengdu,6,100.00%,6,83.33%,1.17,00:00:15,0.00%,0,$0.00
Cologne,6,100.00%,6,83.33%,1.17,00:00:08,0.00%,0,$0.00
Tel Aviv-Yafo,6,83.33%,5,50.00%,1.83,00:00:05,0.00%,0,$0.00
Daejeon,6,100.00%,6,66.67%,1.00,00:00:18,0.00%,0,$0.00
Warsaw,6,100.00%,6,50.00%,1.50,00:01:10,0.00%,0,$0.00
Stockholm,6,100.00%,6,66.67%,1.67,00:00:06,0.00%,0,$0.00
Sacramento,6,66.67%,4,83.33%,1.17,00:00:00,0.00%,0,$0.00
Sunnyvale,6,100.00%,6,83.33%,1.17,<00:00:01,0.00%,0,$0.00
Indianapolis,6,100.00%,6,100.00%,1.00,00:00:00,0.00%,0,$0.00
Detroit,6,100.00%,6,100.00%,1.00,00:00:00,0.00%,0,$0.00
San Antonio,6,100.00%,6,50.00%,1.50,00:00:05,0.00%,0,$0.00
Buenos Aires,5,100.00%,5,60.00%,1.40,00:00:23,0.00%,0,$0.00
Adelaide,5,100.00%,5,60.00%,1.40,00:00:00,0.00%,0,$0.00
Melbourne,5,100.00%,5,60.00%,1.40,00:01:40,0.00%,0,$0.00
Brussels,5,100.00%,5,100.00%,1.00,00:00:00,0.00%,0,$0.00
Aracaju,5,80.00%,4,40.00%,3.00,00:00:18,0.00%,0,$0.00
Tianjin,5,100.00%,5,80.00%,0.80,00:00:00,0.00%,0,$0.00
Suzhou,5,100.00%,5,100.00%,1.00,00:00:00,0.00%,0,$0.00
Nanchang,5,100.00%,5,100.00%,1.00,00:00:00,0.00%,0,$0.00
San Jose,5,100.00%,5,40.00%,3.00,00:01:05,0.00%,0,$0.00
Barcelona,5,80.00%,4,60.00%,1.40,00:00:00,0.00%,0,$0.00
Manchester,5,100.00%,5,40.00%,2.40,00:00:06,0.00%,0,$0.00
Bengaluru,5,100.00%,5,60.00%,2.60,00:00:42,0.00%,0,$0.00
Yokohama,5,100.00%,5,100.00%,1.00,00:00:00,0.00%,0,$0.00
Mexico City,5,100.00%,5,80.00%,1.20,00:00:00,0.00%,0,$0.00
Rostov-on-Don,5,60.00%,3,100.00%,1.00,00:00:00,0.00%,0,$0.00
Yekaterinburg,5,40.00%,2,100.00%,1.00,00:00:00,0.00%,0,$0.00
Singapore,5,100.00%,5,80.00%,1.20,00:00:00,0.00%,0,$0.00
Bangkok,5,100.00%,5,100.00%,1.00,00:00:00,0.00%,0,$0.00
Butte City,5,20.00%,1,0.00%,5.40,00:04:56,0.00%,0,$0.00
Honolulu,5,100.00%,5,60.00%,1.40,00:00:00,0.00%,0,$0.00
Charlotte,5,100.00%,5,60.00%,1.40,00:00:18,0.00%,0,$0.00
Everett,5,100.00%,5,0.00%,2.00,00:00:00,0.00%,0,$0.00
Calgary,4,100.00%,4,25.00%,1.25,00:00:00,0.00%,0,$0.00
Dongguan,4,100.00%,4,75.00%,1.25,00:01:15,0.00%,0,$0.00
Lhasa,4,100.00%,4,100.00%,1.00,00:00:00,0.00%,0,$0.00
Xi'an,4,100.00%,4,100.00%,1.00,00:00:00,0.00%,0,$0.00
Berlin,4,75.00%,3,100.00%,1.00,00:00:00,0.00%,0,$0.00
Dusseldorf,4,100.00%,4,75.00%,1.25,00:02:30,0.00%,0,$0.00
Leeds,4,100.00%,4,100.00%,1.00,00:00:00,0.00%,0,$0.00
Jakarta,4,75.00%,3,75.00%,2.75,00:00:56,0.00%,0,$0.00
Chandigarh,4,100.00%,4,100.00%,1.00,00:00:00,0.00%,0,$0.00
Tehran,4,100.00%,4,75.00%,1.75,00:00:16,0.00%,0,$0.00
Sapporo,4,100.00%,4,75.00%,0.75,00:00:00,0.00%,0,$0.00
Shibuya,4,100.00%,4,75.00%,0.75,00:00:00,0.00%,0,$0.00
Incheon,4,100.00%,4,100.00%,1.00,00:00:00,0.00%,0,$0.00
Busan,4,100.00%,4,100.00%,1.00,00:00:00,0.00%,0,$0.00
Daegu,4,100.00%,4,100.00%,1.00,00:00:00,0.00%,0,$0.00
The Hague,4,100.00%,4,75.00%,1.25,00:00:00,0.00%,0,$0.00
Auckland,4,100.00%,4,25.00%,2.75,00:00:18,0.00%,0,$0.00
Novosibirsk,4,100.00%,4,75.00%,1.25,00:00:00,0.00%,0,$0.00
Phoenix,4,100.00%,4,50.00%,2.00,00:00:04,0.00%,0,$0.00
Palo Alto,4,100.00%,4,100.00%,1.00,00:00:00,0.00%,0,$0.00
Paradise,4,0.00%,0,0.00%,17.50,00:09:28,0.00%,0,$0.00
Santa Clara,4,100.00%,4,75.00%,1.25,00:01:40,0.00%,0,$0.00
Colorado Springs,4,100.00%,4,75.00%,0.75,00:00:00,0.00%,0,$0.00
Fort Lauderdale,4,100.00%,4,0.00%,2.00,00:00:00,0.00%,0,$0.00
New Orleans,4,100.00%,4,100.00%,1.00,00:00:00,0.00%,0,$0.00
Baltimore,4,75.00%,3,50.00%,1.00,00:00:00,0.00%,0,$0.00
Ann Arbor,4,100.00%,4,100.00%,1.00,00:00:00,0.00%,0,$0.00
Fayetteville,4,75.00%,3,50.00%,2.00,00:02:41,0.00%,0,$0.00
Parsippany-Troy Hills,4,100.00%,4,100.00%,1.00,00:00:00,0.00%,0,$0.00
Cincinnati,4,100.00%,4,75.00%,2.00,00:00:18,0.00%,0,$0.00
Columbia,4,25.00%,1,25.00%,1.75,00:00:00,0.00%,0,$0.00
Huntsville,4,50.00%,2,0.00%,8.25,00:03:12,0.00%,0,$0.00
Purcellville,4,100.00%,4,100.00%,1.00,00:00:00,0.00%,0,$0.00
Ho Chi Minh City,4,100.00%,4,100.00%,1.00,00:00:00,0.00%,0,$0.00
Minato,4,100.00%,4,75.00%,1.25,00:00:25,0.00%,0,$0.00
Townsend,4,75.00%,3,0.00%,10.00,00:09:44,0.00%,0,$0.00
Canberra,3,100.00%,3,100.00%,1.00,00:00:00,0.00%,0,$0.00
Perth,3,100.00%,3,33.33%,1.00,<00:00:01,0.00%,0,$0.00
Antwerp,3,100.00%,3,33.33%,11.00,00:02:06,0.00%,0,$0.00
Kalmthout,3,100.00%,3,100.00%,1.00,00:00:00,0.00%,0,$0.00
Brasilia,3,100.00%,3,33.33%,6.67,00:01:55,0.00%,0,$0.00
Recife,3,100.00%,3,66.67%,1.67,00:00:13,0.00%,0,$0.00
Curitiba,3,100.00%,3,66.67%,1.33,00:00:00,0.00%,0,$0.00
Franca,3,100.00%,3,33.33%,1.67,00:00:00,0.00%,0,$0.00
Vancouver,3,100.00%,3,0.00%,1.33,00:00:00,0.00%,0,$0.00
Victoria,3,100.00%,3,66.67%,1.33,00:00:00,0.00%,0,$0.00
London,3,100.00%,3,66.67%,1.33,00:00:00,0.00%,0,$0.00
Saskatoon,3,100.00%,3,33.33%,2.33,00:00:06,0.00%,0,$0.00
Zurich,3,100.00%,3,100.00%,1.00,00:00:00,0.00%,0,$0.00
Santiago,3,100.00%,3,100.00%,1.00,00:00:00,0.00%,0,$0.00
Ningbo,3,100.00%,3,100.00%,1.00,00:00:00,0.00%,0,$0.00
Shaoxing,3,100.00%,3,100.00%,1.00,00:00:00,0.00%,0,$0.00
Hefei,3,100.00%,3,100.00%,1.00,00:00:00,0.00%,0,$0.00
Quanzhou,3,100.00%,3,100.00%,1.00,00:00:00,0.00%,0,$0.00
Jinan,3,100.00%,3,100.00%,1.00,00:00:00,0.00%,0,$0.00
Wuhan,3,100.00%,3,66.67%,27.00,00:00:51,0.00%,0,$0.00
Foshan,3,100.00%,3,66.67%,1.33,00:00:28,0.00%,0,$0.00
Prague,3,100.00%,3,66.67%,1.33,00:00:00,0.00%,0,$0.00
Nuremberg,3,100.00%,3,100.00%,1.00,00:00:00,0.00%,0,$0.00
Frankfurt,3,100.00%,3,33.33%,1.67,00:00:13,0.00%,0,$0.00
Sankt Augustin,3,100.00%,3,100.00%,1.00,00:00:00,0.00%,0,$0.00
Copenhagen,3,100.00%,3,100.00%,1.00,00:00:00,0.00%,0,$0.00
Algiers,3,100.00%,3,0.00%,3.00,00:01:41,0.00%,0,$0.00
Alexandria,3,100.00%,3,66.67%,0.67,00:00:00,0.00%,0,$0.00
Tampere,3,100.00%,3,100.00%,1.00,00:00:00,0.00%,0,$0.00
Rennes,3,100.00%,3,66.67%,1.33,00:00:00,0.00%,0,$0.00
Edinburgh,3,100.00%,3,33.33%,3.00,00:01:08,0.00%,0,$0.00
Denpasar,3,100.00%,3,100.00%,1.00,00:00:00,0.00%,0,$0.00
Hyderabad,3,100.00%,3,100.00%,1.00,00:00:00,0.00%,0,$0.00
Brescia,3,100.00%,3,66.67%,0.67,00:00:00,0.00%,0,$0.00
Hiroshima,3,100.00%,3,100.00%,1.00,00:00:00,0.00%,0,$0.00
Ansan-si,3,100.00%,3,100.00%,1.00,00:00:00,0.00%,0,$0.00
Guadalajara,3,100.00%,3,66.67%,1.33,00:02:13,0.00%,0,$0.00
Kuala Lumpur,3,100.00%,3,100.00%,1.00,00:00:00,0.00%,0,$0.00
Dronten,3,100.00%,3,0.00%,2.00,00:00:00,0.00%,0,$0.00
Rotterdam,3,100.00%,3,100.00%,1.00,00:00:00,0.00%,0,$0.00
Krakow,3,100.00%,3,66.67%,1.33,00:00:00,0.00%,0,$0.00
Oeiras,3,66.67%,2,33.33%,2.67,00:01:02,0.00%,0,$0.00
Sochi,3,0.00%,0,100.00%,1.00,00:00:00,0.00%,0,$0.00
Ankara,3,100.00%,3,66.67%,4.67,00:00:00,0.00%,0,$0.00
Scottsdale,3,100.00%,3,66.67%,1.33,00:02:47,0.00%,0,$0.00
Oakland,3,100.00%,3,0.00%,2.00,00:00:02,0.00%,0,$0.00
Wilmington,3,100.00%,3,66.67%,2.67,00:00:41,0.00%,0,$0.00
Miami,3,100.00%,3,66.67%,2.00,00:00:38,0.00%,0,$0.00
Louisville,3,100.00%,3,100.00%,1.00,00:00:00,0.00%,0,$0.00
Raleigh,3,100.00%,3,100.00%,1.00,00:00:00,0.00%,0,$0.00
Cleveland,3,100.00%,3,100.00%,1.00,00:00:00,0.00%,0,$0.00
Columbus,3,100.00%,3,66.67%,1.33,00:00:00,0.00%,0,$0.00
Memphis,3,100.00%,3,100.00%,1.00,00:00:00,0.00%,0,$0.00
Arlington,3,0.00%,0,0.00%,2.00,00:00:27,0.00%,0,$0.00
El Paso,3,100.00%,3,66.67%,1.33,00:00:00,0.00%,0,$0.00
Frisco,3,100.00%,3,100.00%,1.00,00:00:00,0.00%,0,$0.00
Lubbock,3,100.00%,3,100.00%,1.00,00:00:00,0.00%,0,$0.00
Fort Belvoir,3,100.00%,3,100.00%,1.00,00:00:00,0.00%,0,$0.00
Seattle,3,100.00%,3,33.33%,1.67,00:00:00,0.00%,0,$0.00
Jingzhou,3,100.00%,3,100.00%,1.00,00:00:00,0.00%,0,$0.00
Druid Hills,3,100.00%,3,0.00%,2.00,00:00:00,0.00%,0,$0.00
Paradise,3,100.00%,3,0.00%,2.00,00:00:00,0.00%,0,$0.00
Maceio,2,100.00%,2,0.00%,1.00,00:00:00,0.00%,0,$0.00
Goiania,2,100.00%,2,100.00%,1.00,00:00:00,0.00%,0,$0.00
Campina Grande,2,100.00%,2,50.00%,1.50,00:00:00,0.00%,0,$0.00
Porto Alegre,2,100.00%,2,0.00%,2.00,00:00:00,0.00%,0,$0.00
Chapeco,2,100.00%,2,0.00%,4.00,00:04:56,0.00%,0,$0.00
Edmonton,2,100.00%,2,0.00%,2.00,00:00:32,0.00%,0,$0.00
Lethbridge,2,100.00%,2,100.00%,1.00,00:00:00,0.00%,0,$0.00
Nanaimo,2,100.00%,2,100.00%,1.00,00:00:00,0.00%,0,$0.00
Surrey,2,100.00%,2,0.00%,4.50,00:00:19,0.00%,0,$0.00
Kingston,2,100.00%,2,0.00%,2.00,00:00:00,0.00%,0,$0.00
Richmond Hill,2,100.00%,2,0.00%,4.50,00:02:24,0.00%,0,$0.00
Charlottetown,2,100.00%,2,0.00%,2.00,00:00:00,0.00%,0,$0.00
Quebec City,2,100.00%,2,50.00%,1.50,00:00:01,0.00%,0,$0.00
Hohhot,2,100.00%,2,100.00%,1.00,00:00:00,0.00%,0,$0.00
Shenyang,2,100.00%,2,100.00%,1.00,00:00:00,0.00%,0,$0.00
Nanjing,2,100.00%,2,100.00%,1.00,00:00:00,0.00%,0,$0.00
Wenzhou,2,100.00%,2,100.00%,1.00,00:00:00,0.00%,0,$0.00
Xiamen,2,100.00%,2,100.00%,1.00,00:00:00,0.00%,0,$0.00
Nanyang,2,100.00%,2,100.00%,1.00,00:00:00,0.00%,0,$0.00
Zhengzhou,2,100.00%,2,100.00%,1.00,00:00:00,0.00%,0,$0.00
Enshi,2,100.00%,2,100.00%,1.00,00:00:00,0.00%,0,$0.00
Changsha,2,100.00%,2,50.00%,0.50,00:00:00,0.00%,0,$0.00
Nanning,2,100.00%,2,100.00%,1.00,00:00:00,0.00%,0,$0.00
Urumqi,2,100.00%,2,100.00%,1.00,00:00:00,0.00%,0,$0.00
Olomouc,2,50.00%,1,0.00%,32.00,00:03:27,0.00%,0,$0.00
Ostrava,2,100.00%,2,100.00%,1.00,00:00:00,0.00%,0,$0.00
Karlsruhe,2,100.00%,2,100.00%,1.00,00:00:00,0.00%,0,$0.00
Munich,2,100.00%,2,100.00%,1.00,00:00:00,0.00%,0,$0.00
Hamburg,2,100.00%,2,100.00%,1.00,00:00:00,0.00%,0,$0.00
Dortmund,2,100.00%,2,100.00%,1.00,00:00:00,0.00%,0,$0.00
Monchengladbach,2,50.00%,1,50.00%,1.50,00:00:00,0.00%,0,$0.00
Koblenz,2,100.00%,2,50.00%,4.50,00:00:43,0.00%,0,$0.00
Chemnitz,2,100.00%,2,100.00%,1.00,00:00:00,0.00%,0,$0.00
Viborg,2,100.00%,2,50.00%,1.50,00:00:00,0.00%,0,$0.00
Quito,2,100.00%,2,50.00%,1.50,00:00:01,0.00%,0,$0.00
Vigo,2,100.00%,2,50.00%,1.50,00:02:30,0.00%,0,$0.00
Lille,2,100.00%,2,100.00%,1.00,00:00:00,0.00%,0,$0.00
Grenoble,2,100.00%,2,50.00%,0.50,00:00:00,0.00%,0,$0.00
Lyon,2,100.00%,2,50.00%,1.50,00:00:00,0.00%,0,$0.00
Birmingham,2,100.00%,2,100.00%,1.00,00:00:00,0.00%,0,$0.00
Blackburn,2,100.00%,2,100.00%,1.00,00:00:00,0.00%,0,$0.00
Bristol,2,100.00%,2,50.00%,3.50,00:00:18,0.00%,0,$0.00
Gloucester,2,100.00%,2,100.00%,1.00,00:00:00,0.00%,0,$0.00
Ipswich,2,50.00%,1,100.00%,1.00,00:00:00,0.00%,0,$0.00
Oxford,2,100.00%,2,50.00%,1.50,00:00:00,0.00%,0,$0.00
Reading,2,100.00%,2,50.00%,2.50,00:00:08,0.00%,0,$0.00
Budapest,2,50.00%,1,100.00%,1.00,00:00:00,0.00%,0,$0.00
Surabaya,2,100.00%,2,100.00%,1.00,00:00:00,0.00%,0,$0.00
Ahmedabad,2,100.00%,2,100.00%,1.00,00:00:00,0.00%,0,$0.00
Indore,2,100.00%,2,100.00%,1.00,00:00:00,0.00%,0,$0.00
Chennai,2,100.00%,2,100.00%,1.00,00:00:00,0.00%,0,$0.00
Kolkata,2,100.00%,2,100.00%,1.00,00:00:00,0.00%,0,$0.00
Catania,2,100.00%,2,0.00%,2.00,00:00:00,0.00%,0,$0.00
Modena,2,100.00%,2,50.00%,0.50,00:00:00,0.00%,0,$0.00
Tsukuba,2,100.00%,2,100.00%,1.00,00:00:00,0.00%,0,$0.00
Ota,2,100.00%,2,100.00%,1.00,00:00:00,0.00%,0,$0.00
Setagaya,2,100.00%,2,100.00%,1.00,00:00:00,0.00%,0,$0.00
Nagoya,2,100.00%,2,100.00%,1.00,00:00:00,0.00%,0,$0.00
Okazaki,2,100.00%,2,100.00%,1.00,00:00:00,0.00%,0,$0.00
Kobe,2,100.00%,2,100.00%,1.00,00:00:00,0.00%,0,$0.00
Almaty,2,100.00%,2,50.00%,1.50,00:00:51,0.00%,0,$0.00
Jeju-si,2,100.00%,2,100.00%,1.00,00:00:00,0.00%,0,$0.00
Gwangju,2,100.00%,2,100.00%,1.00,00:00:00,0.00%,0,$0.00
Suwon-si,2,100.00%,2,0.00%,12.00,00:00:04,0.00%,0,$0.00
Casablanca,2,100.00%,2,100.00%,1.00,00:00:00,0.00%,0,$0.00
Santiago de Queretaro,2,100.00%,2,100.00%,1.00,00:00:00,0.00%,0,$0.00
Maastricht,2,100.00%,2,100.00%,1.00,00:00:00,0.00%,0,$0.00
Gdansk,2,100.00%,2,100.00%,1.00,00:00:00,0.00%,0,$0.00
Almada,2,100.00%,2,0.00%,2.00,00:02:31,0.00%,0,$0.00
Cluj-Napoca,2,100.00%,2,0.00%,4.50,00:00:36,0.00%,0,$0.00
Ufa,2,50.00%,1,100.00%,1.00,00:00:00,0.00%,0,$0.00
Chelyabinsk,2,0.00%,0,100.00%,1.00,00:00:00,0.00%,0,$0.00
Krasnodar,2,0.00%,0,100.00%,1.00,00:00:00,0.00%,0,$0.00
Kaliningrad,2,0.00%,0,50.00%,1.50,00:03:22,0.00%,0,$0.00
Surgut,2,0.00%,0,100.00%,1.00,00:00:00,0.00%,0,$0.00
Penza,2,0.00%,0,100.00%,1.00,00:00:00,0.00%,0,$0.00
Engels,2,50.00%,1,100.00%,1.00,00:00:00,0.00%,0,$0.00
Voronezh,2,0.00%,0,100.00%,1.00,00:00:00,0.00%,0,$0.00
Riyadh,2,100.00%,2,100.00%,1.00,00:00:00,0.00%,0,$0.00
Gothenburg,2,100.00%,2,0.00%,3.00,00:00:14,0.00%,0,$0.00
Istanbul,2,100.00%,2,100.00%,1.00,00:00:00,0.00%,0,$0.00
Izmir,2,100.00%,2,100.00%,1.00,00:00:00,0.00%,0,$0.00
Dnepropetrovsk,2,100.00%,2,50.00%,1.50,00:00:34,0.00%,0,$0.00
Kharkiv,2,0.00%,0,100.00%,1.00,00:00:00,0.00%,0,$0.00
Montevideo,2,100.00%,2,0.00%,2.00,00:05:00,0.00%,0,$0.00
Anchorage,2,100.00%,2,100.00%,1.00,00:00:00,0.00%,0,$0.00
Mesa,2,100.00%,2,100.00%,1.00,00:00:00,0.00%,0,$0.00
Tempe,2,100.00%,2,0.00%,3.00,00:00:08,0.00%,0,$0.00
Anaheim,2,100.00%,2,100.00%,1.00,00:00:00,0.00%,0,$0.00
Costa Mesa,2,50.00%,1,50.00%,1.50,00:05:10,0.00%,0,$0.00
Irvine,2,100.00%,2,100.00%,1.00,00:00:00,0.00%,0,$0.00
Milpitas,2,100.00%,2,100.00%,1.00,00:00:00,0.00%,0,$0.00
Mountain View,2,100.00%,2,50.00%,2.50,00:00:39,0.00%,0,$0.00
Santa Monica,2,100.00%,2,100.00%,1.00,00:00:00,0.00%,0,$0.00
Bridgeport,2,100.00%,2,100.00%,1.00,00:00:00,0.00%,0,$0.00
Miami Beach,2,100.00%,2,50.00%,4.50,00:07:23,0.00%,0,$0.00
Peoria,2,100.00%,2,100.00%,1.00,00:00:00,0.00%,0,$0.00
Schaumburg,2,100.00%,2,100.00%,1.00,00:00:00,0.00%,0,$0.00
Lynn,2,100.00%,2,100.00%,1.00,00:00:00,0.00%,0,$0.00
Waltham,2,100.00%,2,50.00%,1.50,00:00:00,0.00%,0,$0.00
Aberdeen Proving Ground,2,100.00%,2,100.00%,1.00,00:00:00,0.00%,0,$0.00
Grand Rapids,2,100.00%,2,100.00%,1.00,00:00:00,0.00%,0,$0.00
Saint Joseph,2,100.00%,2,100.00%,1.00,00:00:00,0.00%,0,$0.00
Mankato,2,100.00%,2,50.00%,1.50,00:00:00,0.00%,0,$0.00
Saint Paul,2,100.00%,2,50.00%,0.50,00:00:00,0.00%,0,$0.00
Omaha,2,100.00%,2,100.00%,1.00,00:00:00,0.00%,0,$0.00
Bloomfield,2,100.00%,2,100.00%,1.00,00:00:00,0.00%,0,$0.00
Las Vegas,2,100.00%,2,100.00%,1.00,00:00:00,0.00%,0,$0.00
Boardman,2,100.00%,2,100.00%,1.00,00:00:00,0.00%,0,$0.00
Hebo,2,100.00%,2,100.00%,1.00,00:00:00,0.00%,0,$0.00
Philadelphia,2,100.00%,2,50.00%,2.00,00:00:02,0.00%,0,$0.00
Charleston,2,100.00%,2,50.00%,1.50,00:04:10,0.00%,0,$0.00
Grand Prairie,2,0.00%,0,0.00%,3.00,00:00:21,0.00%,0,$0.00
Salt Lake City,2,100.00%,2,100.00%,1.00,00:00:00,0.00%,0,$0.00
Reston,2,100.00%,2,100.00%,1.00,00:00:00,0.00%,0,$0.00
Bellevue,2,100.00%,2,100.00%,1.00,00:00:00,0.00%,0,$0.00
Bothell,2,100.00%,2,0.00%,3.00,00:00:13,0.00%,0,$0.00
Madison,2,100.00%,2,100.00%,1.00,00:00:00,0.00%,0,$0.00
Milwaukee,2,100.00%,2,100.00%,1.00,00:00:00,0.00%,0,$0.00
Belgrade,2,100.00%,2,100.00%,1.00,00:00:00,0.00%,0,$0.00
Johannesburg,2,100.00%,2,100.00%,1.00,00:00:00,0.00%,0,$0.00
Paju-si,2,100.00%,2,100.00%,1.00,00:00:00,0.00%,0,$0.00
Sertaozinho,2,100.00%,2,50.00%,1.50,00:00:00,0.00%,0,$0.00
Bayingol,2,100.00%,2,50.00%,0.50,00:00:00,0.00%,0,$0.00
Newbridge,2,100.00%,2,0.00%,2.50,00:00:40,0.00%,0,$0.00
Novy Urengoy,2,0.00%,0,100.00%,1.00,00:00:00,0.00%,0,$0.00
Gjovik,2,100.00%,2,50.00%,2.50,00:00:11,0.00%,0,$0.00
Aventura,2,100.00%,2,50.00%,1.50,00:00:00,0.00%,0,$0.00
Burien,2,100.00%,2,100.00%,1.00,00:00:00,0.00%,0,$0.00
Sandy Springs,2,100.00%,2,50.00%,1.50,00:00:02,0.00%,0,$0.00
The Villages,2,100.00%,2,100.00%,1.00,00:00:00,0.00%,0,$0.00
Thessaloniki,2,100.00%,2,50.00%,6.50,00:00:00,0.00%,0,$0.00
Vilnius,2,100.00%,2,50.00%,6.50,00:00:00,0.00%,0,$0.00
San Juan,2,100.00%,2,100.00%,1.00,00:00:00,0.00%,0,$0.00
Oranjestad,1,100.00%,1,0.00%,2.00,00:00:00,0.00%,0,$0.00
Abu Dhabi,1,100.00%,1,100.00%,1.00,00:00:00,0.00%,0,$0.00
Posadas,1,100.00%,1,100.00%,1.00,00:00:00,0.00%,0,$0.00
Rosario,1,100.00%,1,0.00%,2.00,00:00:00,0.00%,0,$0.00
San Miguel de Tucuman,1,100.00%,1,100.00%,1.00,00:00:00,0.00%,0,$0.00
Gladstone,1,100.00%,1,100.00%,1.00,00:00:00,0.00%,0,$0.00
Maryborough,1,100.00%,1,100.00%,1.00,00:00:00,0.00%,0,$0.00
Townsville,1,100.00%,1,100.00%,1.00,00:00:00,0.00%,0,$0.00
Hobart,1,100.00%,1,0.00%,2.00,00:00:00,0.00%,0,$0.00
Horsham,1,100.00%,1,100.00%,1.00,00:00:00,0.00%,0,$0.00
Central Coast,1,100.00%,1,100.00%,1.00,00:00:00,0.00%,0,$0.00
Warrnambool,1,100.00%,1,100.00%,1.00,00:00:00,0.00%,0,$0.00
Gold Coast,1,100.00%,1,100.00%,1.00,00:00:00,0.00%,0,$0.00
Klagenfurt,1,100.00%,1,100.00%,1.00,00:00:00,0.00%,0,$0.00
Villach,1,100.00%,1,100.00%,1.00,00:00:00,0.00%,0,$0.00
Hollabrunn,1,100.00%,1,100.00%,1.00,00:00:00,0.00%,0,$0.00
Graz,1,100.00%,1,100.00%,1.00,00:00:00,0.00%,0,$0.00
Kitzbuhel,1,100.00%,1,100.00%,1.00,00:00:00,0.00%,0,$0.00
Schaerbeek,1,100.00%,1,100.00%,1.00,00:00:00,0.00%,0,$0.00
Turnhout,1,100.00%,1,100.00%,1.00,00:00:00,0.00%,0,$0.00
Nivelles,1,100.00%,1,100.00%,1.00,00:00:00,0.00%,0,$0.00
Mons,1,100.00%,1,100.00%,1.00,00:00:00,0.00%,0,$0.00
Sofia,1,100.00%,1,0.00%,8.00,00:01:18,0.00%,0,$0.00
Plovdiv,1,100.00%,1,0.00%,2.00,00:00:00,0.00%,0,$0.00
Ruse,1,100.00%,1,0.00%,2.00,00:00:00,0.00%,0,$0.00
Minsk,1,100.00%,1,100.00%,1.00,00:00:00,0.00%,0,$0.00
Feira de Santana,1,100.00%,1,0.00%,6.00,00:04:43,0.00%,0,$0.00
Vila Velha,1,100.00%,1,0.00%,2.00,00:00:01,0.00%,0,$0.00
Sao Joao del Rei,1,100.00%,1,0.00%,2.00,00:00:04,0.00%,0,$0.00
Uberaba,1,100.00%,1,0.00%,2.00,00:00:00,0.00%,0,$0.00
Cuiaba,1,100.00%,1,0.00%,2.00,00:00:00,0.00%,0,$0.00
Cascavel,1,100.00%,1,0.00%,2.00,00:00:40,0.00%,0,$0.00
Novo Hamburgo,1,0.00%,0,100.00%,1.00,00:00:00,0.00%,0,$0.00
Blumenau,1,100.00%,1,100.00%,1.00,00:00:00,0.00%,0,$0.00
Curitibanos,1,100.00%,1,0.00%,2.00,00:00:00,0.00%,0,$0.00
Itajai,1,100.00%,1,100.00%,1.00,00:00:00,0.00%,0,$0.00
Navegantes,1,100.00%,1,0.00%,8.00,00:00:59,0.00%,0,$0.00
Barueri,1,100.00%,1,0.00%,0.00,00:00:00,0.00%,0,$0.00
Jundiai,1,100.00%,1,100.00%,1.00,00:00:00,0.00%,0,$0.00
Marilia,1,100.00%,1,0.00%,2.00,00:00:00,0.00%,0,$0.00
Mococa,1,100.00%,1,0.00%,2.00,00:00:00,0.00%,0,$0.00
Mogi Guacu,1,100.00%,1,0.00%,10.00,00:00:01,0.00%,0,$0.00
Presidente Prudente,1,100.00%,1,0.00%,5.00,00:00:51,0.00%,0,$0.00
Santos,1,100.00%,1,0.00%,2.00,00:00:00,0.00%,0,$0.00
Sao Jose do Rio Preto,1,100.00%,1,0.00%,2.00,00:00:00,0.00%,0,$0.00
Sao Jose dos Campos,1,100.00%,1,0.00%,2.00,00:00:00,0.00%,0,$0.00
Bandar Seri Begawan,1,100.00%,1,100.00%,1.00,00:00:00,0.00%,0,$0.00
Kamloops,1,100.00%,1,100.00%,1.00,00:00:00,0.00%,0,$0.00
North Vancouver,1,100.00%,1,100.00%,1.00,00:00:00,0.00%,0,$0.00
Winnipeg,1,100.00%,1,0.00%,4.00,00:00:00,0.00%,0,$0.00
Sackville,1,100.00%,1,100.00%,1.00,00:00:00,0.00%,0,$0.00
Tracadie-Sheila,1,100.00%,1,0.00%,2.00,00:06:40,0.00%,0,$0.00
Bridgewater,1,100.00%,1,0.00%,2.00,00:01:00,0.00%,0,$0.00
Dartmouth,1,100.00%,1,0.00%,2.00,00:00:00,0.00%,0,$0.00
Halifax,1,100.00%,1,0.00%,2.00,00:00:00,0.00%,0,$0.00
Sydney,1,100.00%,1,0.00%,2.00,00:00:00,0.00%,0,$0.00
Belleville,1,100.00%,1,0.00%,2.00,00:00:00,0.00%,0,$0.00
Brockville,1,100.00%,1,0.00%,2.00,00:00:00,0.00%,0,$0.00
Burlington,1,100.00%,1,0.00%,2.00,00:00:00,0.00%,0,$0.00
Hamilton,1,100.00%,1,0.00%,2.00,00:00:00,0.00%,0,$0.00
Markham,1,100.00%,1,0.00%,2.00,00:00:00,0.00%,0,$0.00
Niagara Falls,1,100.00%,1,0.00%,2.00,00:00:00,0.00%,0,$0.00
North Bay,1,100.00%,1,0.00%,2.00,00:00:00,0.00%,0,$0.00
Oshawa,1,100.00%,1,0.00%,4.00,00:00:05,0.00%,0,$0.00
Ottawa,1,100.00%,1,0.00%,2.00,00:00:00,0.00%,0,$0.00
Thorold,1,100.00%,1,100.00%,1.00,00:00:00,0.00%,0,$0.00
Vaughan,1,100.00%,1,100.00%,1.00,00:00:00,0.00%,0,$0.00
Whitby,1,100.00%,1,0.00%,4.00,00:00:36,0.00%,0,$0.00
Windsor,1,100.00%,1,0.00%,2.00,00:00:00,0.00%,0,$0.00
Boucherville,1,100.00%,1,0.00%,2.00,00:00:00,0.00%,0,$0.00
Gatineau,1,100.00%,1,0.00%,2.00,00:00:00,0.00%,0,$0.00
Joliette,1,100.00%,1,100.00%,1.00,00:00:00,0.00%,0,$0.00
L'Assomption,1,100.00%,1,100.00%,1.00,00:00:00,0.00%,0,$0.00
Bern,1,100.00%,1,100.00%,1.00,00:00:00,0.00%,0,$0.00
Solothurn,1,100.00%,1,100.00%,1.00,00:00:00,0.00%,0,$0.00
Lausanne,1,100.00%,1,100.00%,1.00,00:00:00,0.00%,0,$0.00
Zug,1,100.00%,1,100.00%,1.00,00:00:00,0.00%,0,$0.00
Dubendorf,1,100.00%,1,100.00%,1.00,00:00:00,0.00%,0,$0.00
Uster,1,100.00%,1,100.00%,1.00,00:00:00,0.00%,0,$0.00
Temuco,1,100.00%,1,100.00%,1.00,00:00:00,0.00%,0,$0.00
Shijiazhuang,1,100.00%,1,100.00%,1.00,00:00:00,0.00%,0,$0.00
Hanzhong,1,100.00%,1,100.00%,1.00,00:00:00,0.00%,0,$0.00
Dalian,1,100.00%,1,0.00%,2.00,00:10:00,0.00%,0,$0.00
Changzhou,1,100.00%,1,100.00%,1.00,00:00:00,0.00%,0,$0.00
Jinhua,1,100.00%,1,100.00%,1.00,00:00:00,0.00%,0,$0.00
Anqing,1,100.00%,1,100.00%,1.00,00:00:00,0.00%,0,$0.00
Bengbu,1,100.00%,1,100.00%,1.00,00:00:00,0.00%,0,$0.00
Wuhu,1,100.00%,1,100.00%,1.00,00:00:00,0.00%,0,$0.00
Xuancheng,1,100.00%,1,100.00%,1.00,00:00:00,0.00%,0,$0.00
Ganzhou,1,100.00%,1,100.00%,1.00,00:00:00,0.00%,0,$0.00
Linyi,1,100.00%,1,100.00%,1.00,00:00:00,0.00%,0,$0.00
Qingdao,1,100.00%,1,100.00%,1.00,00:00:00,0.00%,0,$0.00
Weifang,1,100.00%,1,100.00%,1.00,00:00:00,0.00%,0,$0.00
Luoyang,1,100.00%,1,100.00%,1.00,00:00:00,0.00%,0,$0.00
Xinyang,1,100.00%,1,100.00%,1.00,00:00:00,0.00%,0,$0.00
Huanggang,1,100.00%,1,100.00%,1.00,00:00:00,0.00%,0,$0.00
Huangshi,1,100.00%,1,100.00%,1.00,00:00:00,0.00%,0,$0.00
Xiaogan,1,100.00%,1,100.00%,1.00,00:00:00,0.00%,0,$0.00
Changde,1,100.00%,1,100.00%,1.00,00:00:00,0.00%,0,$0.00
Hengyang,1,100.00%,1,0.00%,2.00,00:00:40,0.00%,0,$0.00
Huaihua,1,100.00%,1,100.00%,1.00,00:00:00,0.00%,0,$0.00
Xiangtan,1,100.00%,1,100.00%,1.00,00:00:00,0.00%,0,$0.00
Zhuzhou,1,100.00%,1,100.00%,1.00,00:00:00,0.00%,0,$0.00
Huizhou,1,100.00%,1,100.00%,1.00,00:00:00,0.00%,0,$0.00
Qingyuan,1,100.00%,1,100.00%,1.00,00:00:00,0.00%,0,$0.00
Zhaoqing,1,100.00%,1,0.00%,2.00,00:01:08,0.00%,0,$0.00
Guilin,1,100.00%,1,100.00%,1.00,00:00:00,0.00%,0,$0.00
Haikou,1,100.00%,1,100.00%,1.00,00:00:00,0.00%,0,$0.00
Deyang,1,100.00%,1,100.00%,1.00,00:00:00,0.00%,0,$0.00
Luzhou,1,100.00%,1,0.00%,2.00,00:01:53,0.00%,0,$0.00
Kunming,1,100.00%,1,100.00%,1.00,00:00:00,0.00%,0,$0.00
Yuxi,1,100.00%,1,100.00%,1.00,00:00:00,0.00%,0,$0.00
Baoji,1,100.00%,1,100.00%,1.00,00:00:00,0.00%,0,$0.00
Lanzhou,1,100.00%,1,0.00%,2.00,00:06:40,0.00%,0,$0.00
Yinchuan,1,100.00%,1,100.00%,1.00,00:00:00,0.00%,0,$0.00
Medellin,1,100.00%,1,0.00%,2.00,00:05:00,0.00%,0,$0.00
Bucaramanga,1,100.00%,1,0.00%,2.00,00:05:00,0.00%,0,$0.00
Brno,1,100.00%,1,100.00%,1.00,00:00:00,0.00%,0,$0.00
Prostejov,1,100.00%,1,0.00%,14.00,00:00:00,0.00%,0,$0.00
Karvina,1,100.00%,1,100.00%,1.00,00:00:00,0.00%,0,$0.00
Bremerhaven,1,100.00%,1,100.00%,1.00,00:00:00,0.00%,0,$0.00
Frankfurt an der Oder,1,100.00%,1,0.00%,2.00,00:00:00,0.00%,0,$0.00
Boblingen,1,100.00%,1,0.00%,2.00,00:02:00,0.00%,0,$0.00
Freiburg,1,100.00%,1,0.00%,6.00,00:00:28,0.00%,0,$0.00
Waiblingen,1,100.00%,1,100.00%,1.00,00:00:00,0.00%,0,$0.00
Prien am Chiemsee,1,100.00%,1,100.00%,1.00,00:00:00,0.00%,0,$0.00
Bremen,1,100.00%,1,100.00%,1.00,00:00:00,0.00%,0,$0.00
Darmstadt,1,100.00%,1,100.00%,1.00,00:00:00,0.00%,0,$0.00
Giessen,1,100.00%,1,100.00%,1.00,00:00:00,0.00%,0,$0.00
Kassel,1,100.00%,1,100.00%,1.00,00:00:00,0.00%,0,$0.00
Weiterstadt,1,100.00%,1,100.00%,1.00,00:00:00,0.00%,0,$0.00
Brunswick,1,100.00%,1,0.00%,10.00,00:00:00,0.00%,0,$0.00
Oldenburg,1,100.00%,1,100.00%,1.00,00:00:00,0.00%,0,$0.00
Wolfsburg,1,100.00%,1,100.00%,1.00,00:00:00,0.00%,0,$0.00
Bonn,1,100.00%,1,0.00%,2.00,00:00:00,0.00%,0,$0.00
Duisburg,1,100.00%,1,100.00%,1.00,00:00:00,0.00%,0,$0.00
Eschweiler,1,100.00%,1,0.00%,2.00,00:01:45,0.00%,0,$0.00
Essen,1,100.00%,1,100.00%,1.00,00:00:00,0.00%,0,$0.00
Gutersloh,1,100.00%,1,100.00%,1.00,00:00:00,0.00%,0,$0.00
Hamm,1,100.00%,1,0.00%,2.00,00:00:00,0.00%,0,$0.00
Kleve,1,100.00%,1,100.00%,1.00,00:00:00,0.00%,0,$0.00
Paderborn,1,100.00%,1,100.00%,1.00,00:00:00,0.00%,0,$0.00
Schwerte,1,100.00%,1,0.00%,0.00,00:00:00,0.00%,0,$0.00
Solingen,1,0.00%,0,0.00%,4.00,00:00:35,0.00%,0,$0.00
Mainz,1,100.00%,1,100.00%,1.00,00:00:00,0.00%,0,$0.00
Flensburg,1,100.00%,1,100.00%,1.00,00:00:00,0.00%,0,$0.00
Leipzig,1,100.00%,1,100.00%,1.00,00:00:00,0.00%,0,$0.00
Erfurt,1,100.00%,1,100.00%,1.00,00:00:00,0.00%,0,$0.00
Hermsdorf,1,100.00%,1,100.00%,1.00,00:00:00,0.00%,0,$0.00
Roskilde,1,100.00%,1,0.00%,0.00,00:00:00,0.00%,0,$0.00
Aarhus,1,100.00%,1,0.00%,6.00,00:00:24,0.00%,0,$0.00
Santo Domingo,1,100.00%,1,0.00%,2.00,00:00:01,0.00%,0,$0.00
Biskra,1,100.00%,1,0.00%,2.00,00:00:00,0.00%,0,$0.00
Granada,1,100.00%,1,0.00%,0.00,00:00:00,0.00%,0,$0.00
Sabadell,1,100.00%,1,100.00%,1.00,00:00:00,0.00%,0,$0.00
Bilbao,1,100.00%,1,100.00%,1.00,00:00:00,0.00%,0,$0.00
Aranda de Duero,1,100.00%,1,100.00%,1.00,00:00:00,0.00%,0,$0.00
Las Palmas de Gran Canaria,1,100.00%,1,0.00%,2.00,00:00:00,0.00%,0,$0.00
A Coruna,1,100.00%,1,100.00%,1.00,00:00:00,0.00%,0,$0.00
San Cristobal de La Laguna,1,100.00%,1,100.00%,1.00,00:00:00,0.00%,0,$0.00
Castellon de la Plana,1,100.00%,1,0.00%,2.00,00:00:00,0.00%,0,$0.00
Valencia,1,100.00%,1,100.00%,1.00,00:00:00,0.00%,0,$0.00
Zaragoza,1,100.00%,1,100.00%,1.00,00:00:00,0.00%,0,$0.00
Espoo,1,0.00%,0,100.00%,1.00,00:00:00,0.00%,0,$0.00
Helsinki,1,100.00%,1,100.00%,1.00,00:00:00,0.00%,0,$0.00
Vantaa,1,100.00%,1,100.00%,1.00,00:00:00,0.00%,0,$0.00
Kemi,1,100.00%,1,0.00%,0.00,00:00:00,0.00%,0,$0.00
Vora,1,100.00%,1,100.00%,1.00,00:00:00,0.00%,0,$0.00
Bordeaux,1,100.00%,1,100.00%,1.00,00:00:00,0.00%,0,$0.00
Clermont-Ferrand,1,100.00%,1,0.00%,2.00,00:00:00,0.00%,0,$0.00
Auxerre,1,100.00%,1,100.00%,1.00,00:00:00,0.00%,0,$0.00
Dijon,1,100.00%,1,100.00%,1.00,00:00:00,0.00%,0,$0.00
Brest,1,100.00%,1,100.00%,1.00,00:00:00,0.00%,0,$0.00
Besancon,1,100.00%,1,100.00%,1.00,00:00:00,0.00%,0,$0.00
Argenteuil,1,100.00%,1,100.00%,1.00,00:00:00,0.00%,0,$0.00
Asnieres-sur-Seine,1,100.00%,1,0.00%,3.00,00:00:18,0.00%,0,$0.00
Cachan,1,100.00%,1,100.00%,1.00,00:00:00,0.00%,0,$0.00
Gif-sur-Yvette,1,100.00%,1,0.00%,2.00,00:08:20,0.00%,0,$0.00
Rueil-Malmaison,1,100.00%,1,100.00%,1.00,00:00:00,0.00%,0,$0.00
Montpellier,1,100.00%,1,100.00%,1.00,00:00:00,0.00%,0,$0.00
Auch,1,100.00%,1,100.00%,1.00,00:00:00,0.00%,0,$0.00
Blagnac,1,100.00%,1,100.00%,1.00,00:00:00,0.00%,0,$0.00
Toulouse,1,100.00%,1,0.00%,2.00,00:01:28,0.00%,0,$0.00
Lens,1,100.00%,1,0.00%,2.00,00:00:01,0.00%,0,$0.00
Caen,1,100.00%,1,100.00%,1.00,00:00:00,0.00%,0,$0.00
Rouen,1,100.00%,1,100.00%,1.00,00:00:00,0.00%,0,$0.00
Angers,1,0.00%,0,100.00%,1.00,00:00:00,0.00%,0,$0.00
La Rochelle,1,100.00%,1,0.00%,2.00,00:05:00,0.00%,0,$0.00
Cannes,1,100.00%,1,100.00%,1.00,00:00:00,0.00%,0,$0.00
Nice,1,0.00%,0,100.00%,1.00,00:00:00,0.00%,0,$0.00
Villefranche-sur-Saone,1,100.00%,1,0.00%,12.00,00:00:00,0.00%,0,$0.00
Bath,1,100.00%,1,0.00%,4.00,00:00:25,0.00%,0,$0.00
Bolton,1,100.00%,1,0.00%,2.00,00:00:00,0.00%,0,$0.00
Brighton,1,100.00%,1,100.00%,1.00,00:00:00,0.00%,0,$0.00
Camberley,1,100.00%,1,100.00%,1.00,00:00:00,0.00%,0,$0.00
Cambridge,1,100.00%,1,100.00%,1.00,00:00:00,0.00%,0,$0.00
Carlisle,1,100.00%,1,0.00%,15.00,00:09:52,0.00%,0,$0.00
Coventry,1,100.00%,1,0.00%,0.00,00:00:00,0.00%,0,$0.00
Crawley,1,100.00%,1,0.00%,2.00,00:01:43,0.00%,0,$0.00
Croydon,1,100.00%,1,100.00%,1.00,00:00:00,0.00%,0,$0.00
Eastbourne,1,100.00%,1,100.00%,1.00,00:00:00,0.00%,0,$0.00
Folkestone,1,100.00%,1,0.00%,2.00,00:00:00,0.00%,0,$0.00
Harrogate,1,100.00%,1,100.00%,1.00,00:00:00,0.00%,0,$0.00
Hastings,1,100.00%,1,0.00%,2.00,00:00:00,0.00%,0,$0.00
High Wycombe,1,100.00%,1,0.00%,2.00,00:00:01,0.00%,0,$0.00
Kenilworth,1,100.00%,1,100.00%,1.00,00:00:00,0.00%,0,$0.00
Lakenheath,1,100.00%,1,100.00%,1.00,00:00:00,0.00%,0,$0.00
Loughborough,1,100.00%,1,100.00%,1.00,00:00:00,0.00%,0,$0.00
Middlesbrough,1,100.00%,1,0.00%,2.00,00:00:00,0.00%,0,$0.00
Newcastle upon Tyne,1,100.00%,1,0.00%,4.00,00:00:54,0.00%,0,$0.00
Nottingham,1,100.00%,1,100.00%,1.00,00:00:00,0.00%,0,$0.00
Plymouth,1,100.00%,1,100.00%,1.00,00:00:00,0.00%,0,$0.00
Portsmouth,1,100.00%,1,100.00%,1.00,00:00:00,0.00%,0,$0.00
Royal Tunbridge Wells,1,100.00%,1,100.00%,1.00,00:00:00,0.00%,0,$0.00
Sedlescombe,1,100.00%,1,0.00%,2.00,00:00:00,0.00%,0,$0.00
Southport,1,100.00%,1,100.00%,1.00,00:00:00,0.00%,0,$0.00
Stamford,1,100.00%,1,0.00%,2.00,00:00:00,0.00%,0,$0.00
Stoke-on-Trent,1,100.00%,1,0.00%,3.00,00:00:27,0.00%,0,$0.00
Tamworth,1,100.00%,1,100.00%,1.00,00:00:00,0.00%,0,$0.00
Taunton,1,100.00%,1,0.00%,6.00,00:02:08,0.00%,0,$0.00
Wallingford,1,100.00%,1,100.00%,1.00,00:00:00,0.00%,0,$0.00
Watford,1,100.00%,1,100.00%,1.00,00:00:00,0.00%,0,$0.00
Wokingham,1,100.00%,1,0.00%,0.00,00:00:00,0.00%,0,$0.00
York,1,100.00%,1,100.00%,1.00,00:00:00,0.00%,0,$0.00
Belfast,1,100.00%,1,0.00%,2.00,00:00:00,0.00%,0,$0.00
Lurgan,1,100.00%,1,0.00%,2.00,00:00:00,0.00%,0,$0.00
Aberdeen,1,100.00%,1,0.00%,2.00,00:00:00,0.00%,0,$0.00
Clydebank,1,100.00%,1,0.00%,2.00,00:00:00,0.00%,0,$0.00
Greenock,1,100.00%,1,0.00%,4.00,00:00:04,0.00%,0,$0.00
Hamilton,1,100.00%,1,0.00%,2.00,00:00:00,0.00%,0,$0.00
Kirkcaldy,1,100.00%,1,0.00%,4.00,00:01:41,0.00%,0,$0.00
Wrexham,1,100.00%,1,0.00%,2.00,00:00:00,0.00%,0,$0.00
Tbilisi,1,100.00%,1,0.00%,2.00,00:00:00,0.00%,0,$0.00
Accra,1,100.00%,1,0.00%,0.00,00:00:00,0.00%,0,$0.00
Zagreb,1,100.00%,1,100.00%,1.00,00:00:00,0.00%,0,$0.00
Split,1,100.00%,1,100.00%,1.00,00:00:00,0.00%,0,$0.00
Godollo,1,100.00%,1,0.00%,0.00,00:00:00,0.00%,0,$0.00
Tangerang,1,100.00%,1,100.00%,1.00,00:00:00,0.00%,0,$0.00
Malang,1,100.00%,1,100.00%,1.00,00:00:00,0.00%,0,$0.00
Pekanbaru,1,100.00%,1,0.00%,2.00,00:00:02,0.00%,0,$0.00
Patna,1,100.00%,1,100.00%,1.00,00:00:00,0.00%,0,$0.00
Kochi,1,100.00%,1,100.00%,1.00,00:00:00,0.00%,0,$0.00
Thiruvananthapuram,1,100.00%,1,0.00%,2.00,00:01:12,0.00%,0,$0.00
Nagpur,1,100.00%,1,100.00%,1.00,00:00:00,0.00%,0,$0.00
Bhubaneshwar,1,100.00%,1,100.00%,1.00,00:00:00,0.00%,0,$0.00
Amritsar,1,100.00%,1,100.00%,1.00,00:00:00,0.00%,0,$0.00
Coimbatore,1,100.00%,1,100.00%,1.00,00:00:00,0.00%,0,$0.00
Kanpur,1,100.00%,1,100.00%,1.00,00:00:00,0.00%,0,$0.00
Noida,1,100.00%,1,100.00%,1.00,00:00:00,0.00%,0,$0.00
Cork,1,100.00%,1,0.00%,2.00,00:00:00,0.00%,0,$0.00
Clonmel,1,100.00%,1,100.00%,1.00,00:00:00,0.00%,0,$0.00
Waterford,1,100.00%,1,100.00%,1.00,00:00:00,0.00%,0,$0.00
Haifa,1,0.00%,0,100.00%,1.00,00:00:00,0.00%,0,$0.00
Rishon LeTsiyon,1,100.00%,1,0.00%,6.00,00:00:57,0.00%,0,$0.00
Or Yehuda,1,100.00%,1,0.00%,2.00,00:00:01,0.00%,0,$0.00
Ramat Gan,1,100.00%,1,100.00%,1.00,00:00:00,0.00%,0,$0.00
Bergamo,1,100.00%,1,100.00%,1.00,00:00:00,0.00%,0,$0.00
Brindisi,1,100.00%,1,0.00%,2.00,00:00:00,0.00%,0,$0.00
Cagliari,1,100.00%,1,0.00%,2.00,00:00:00,0.00%,0,$0.00
Cremona,1,100.00%,1,100.00%,1.00,00:00:00,0.00%,0,$0.00
Cosenza,1,100.00%,1,0.00%,2.00,00:00:00,0.00%,0,$0.00
Argenta,1,100.00%,1,100.00%,1.00,00:00:00,0.00%,0,$0.00
Florence,1,100.00%,1,100.00%,1.00,00:00:00,0.00%,0,$0.00
Sesto Fiorentino,1,100.00%,1,100.00%,1.00,00:00:00,0.00%,0,$0.00
Forli,1,100.00%,1,100.00%,1.00,00:00:00,0.00%,0,$0.00
Genoa,1,100.00%,1,100.00%,1.00,00:00:00,0.00%,0,$0.00
Lecce,1,100.00%,1,100.00%,1.00,00:00:00,0.00%,0,$0.00
Fondi,1,100.00%,1,100.00%,1.00,00:00:00,0.00%,0,$0.00
Taormina,1,100.00%,1,100.00%,1.00,00:00:00,0.00%,0,$0.00
Cassina de' Pecchi,1,100.00%,1,100.00%,1.00,00:00:00,0.00%,0,$0.00
Naples,1,100.00%,1,0.00%,2.00,00:06:40,0.00%,0,$0.00
Palermo,1,100.00%,1,100.00%,1.00,00:00:00,0.00%,0,$0.00
Trebaseleghe,1,100.00%,1,100.00%,1.00,00:00:00,0.00%,0,$0.00
Parma,1,100.00%,1,0.00%,12.00,00:00:01,0.00%,0,$0.00
Pistoia,1,100.00%,1,100.00%,1.00,00:00:00,0.00%,0,$0.00
San Giorgio Ionico,1,100.00%,1,0.00%,2.00,00:00:01,0.00%,0,$0.00
Udine,1,100.00%,1,0.00%,2.00,00:00:00,0.00%,0,$0.00
Busto Arsizio,1,100.00%,1,100.00%,1.00,00:00:00,0.00%,0,$0.00
Kingston,1,100.00%,1,0.00%,2.00,00:00:01,0.00%,0,$0.00
Asahikawa,1,100.00%,1,100.00%,1.00,00:00:00,0.00%,0,$0.00
Sendai,1,100.00%,1,0.00%,0.00,00:00:00,0.00%,0,$0.00
Utsunomiya,1,100.00%,1,100.00%,1.00,00:00:00,0.00%,0,$0.00
Kiryu,1,100.00%,1,100.00%,1.00,00:00:00,0.00%,0,$0.00
Maebashi,1,100.00%,1,100.00%,1.00,00:00:00,0.00%,0,$0.00
Funabashi,1,100.00%,1,100.00%,1.00,00:00:00,0.00%,0,$0.00
Chofu,1,100.00%,1,0.00%,2.00,00:00:40,0.00%,0,$0.00
Hachioji,1,100.00%,1,100.00%,1.00,00:00:00,0.00%,0,$0.00
Katsushika,1,100.00%,1,100.00%,1.00,00:00:00,0.00%,0,$0.00
Koganei,1,100.00%,1,100.00%,1.00,00:00:00,0.00%,0,$0.00
Meguro,1,100.00%,1,100.00%,1.00,00:00:00,0.00%,0,$0.00
Nerima,1,100.00%,1,0.00%,0.00,00:00:00,0.00%,0,$0.00
Kawasaki,1,100.00%,1,100.00%,1.00,00:00:00,0.00%,0,$0.00
Odawara,1,100.00%,1,100.00%,1.00,00:00:00,0.00%,0,$0.00
Iida,1,100.00%,1,100.00%,1.00,00:00:00,0.00%,0,$0.00
Hamamatsu,1,100.00%,1,100.00%,1.00,00:00:00,0.00%,0,$0.00
Shizuoka,1,100.00%,1,100.00%,1.00,00:00:00,0.00%,0,$0.00
Handa,1,100.00%,1,100.00%,1.00,00:00:00,0.00%,0,$0.00
Kyoto,1,100.00%,1,100.00%,1.00,00:00:00,0.00%,0,$0.00
Muko,1,100.00%,1,100.00%,1.00,00:00:00,0.00%,0,$0.00
Kurashiki,1,100.00%,1,100.00%,1.00,00:00:00,0.00%,0,$0.00
Niimi,1,100.00%,1,100.00%,1.00,00:00:00,0.00%,0,$0.00
Okayama,1,100.00%,1,100.00%,1.00,00:00:00,0.00%,0,$0.00
Ube,1,100.00%,1,0.00%,2.00,00:08:20,0.00%,0,$0.00
Kitakyushu,1,100.00%,1,100.00%,1.00,00:00:00,0.00%,0,$0.00
Omuta,1,100.00%,1,100.00%,1.00,00:00:00,0.00%,0,$0.00
Kashima,1,100.00%,1,100.00%,1.00,00:00:00,0.00%,0,$0.00
Oita,1,100.00%,1,100.00%,1.00,00:00:00,0.00%,0,$0.00
Pavlodar,1,100.00%,1,100.00%,1.00,00:00:00,0.00%,0,$0.00
Nairobi,1,100.00%,1,100.00%,1.00,00:00:00,0.00%,0,$0.00
Cheonan-si,1,100.00%,1,100.00%,1.00,00:00:00,0.00%,0,$0.00
Chungju-si,1,100.00%,1,100.00%,1.00,00:00:00,0.00%,0,$0.00
Pohang-si,1,100.00%,1,100.00%,1.00,00:00:00,0.00%,0,$0.00
Pyeongtaek-si,1,100.00%,1,100.00%,1.00,00:00:00,0.00%,0,$0.00
Seongnam-si,1,100.00%,1,100.00%,1.00,00:00:00,0.00%,0,$0.00
Suncheon-si,1,100.00%,1,100.00%,1.00,00:00:00,0.00%,0,$0.00
Uiwang-si,1,100.00%,1,100.00%,1.00,00:00:00,0.00%,0,$0.00
Ulsan,1,100.00%,1,100.00%,1.00,00:00:00,0.00%,0,$0.00
Wonju-si,1,100.00%,1,100.00%,1.00,00:00:00,0.00%,0,$0.00
Yangsan-si,1,100.00%,1,100.00%,1.00,00:00:00,0.00%,0,$0.00
Yongin-si,1,100.00%,1,100.00%,1.00,00:00:00,0.00%,0,$0.00
Kuwait City,1,100.00%,1,100.00%,1.00,00:00:00,0.00%,0,$0.00
Vilnius,1,100.00%,1,0.00%,2.00,00:00:00,0.00%,0,$0.00
Dudelange,1,100.00%,1,100.00%,1.00,00:00:00,0.00%,0,$0.00
Luxembourg City,1,100.00%,1,0.00%,2.00,00:00:00,0.00%,0,$0.00
Riga,1,100.00%,1,0.00%,2.00,00:00:00,0.00%,0,$0.00
Macau,1,100.00%,1,100.00%,1.00,00:00:00,0.00%,0,$0.00
Tetouan,1,100.00%,1,0.00%,2.00,00:00:00,0.00%,0,$0.00
Chihuahua,1,100.00%,1,0.00%,4.00,00:01:21,0.00%,0,$0.00
Ciudad Juarez,1,100.00%,1,100.00%,1.00,00:00:00,0.00%,0,$0.00
Torreon,1,100.00%,1,100.00%,1.00,00:00:00,0.00%,0,$0.00
Morelia,1,100.00%,1,100.00%,1.00,00:00:00,0.00%,0,$0.00
Cancun,1,100.00%,1,0.00%,6.00,00:02:08,0.00%,0,$0.00
San Luis Potosi,1,100.00%,1,100.00%,1.00,00:00:00,0.00%,0,$0.00
Villahermosa,1,100.00%,1,100.00%,1.00,00:00:00,0.00%,0,$0.00
Ciudad Victoria,1,100.00%,1,0.00%,13.00,00:00:00,0.00%,0,$0.00
Heroica Veracruz,1,100.00%,1,100.00%,1.00,00:00:00,0.00%,0,$0.00
Zacatecas,1,100.00%,1,100.00%,1.00,00:00:00,0.00%,0,$0.00
Skopje,1,100.00%,1,0.00%,2.00,00:00:00,0.00%,0,$0.00
Ipoh,1,100.00%,1,100.00%,1.00,00:00:00,0.00%,0,$0.00
Kuantan,1,100.00%,1,0.00%,0.00,00:00:00,0.00%,0,$0.00
Petaling Jaya,1,100.00%,1,0.00%,2.00,00:00:00,0.00%,0,$0.00
Port Harcourt,1,100.00%,1,100.00%,1.00,00:00:00,0.00%,0,$0.00
Beilen,1,100.00%,1,100.00%,1.00,00:00:00,0.00%,0,$0.00
Diever,1,100.00%,1,100.00%,1.00,00:00:00,0.00%,0,$0.00
Roden,1,100.00%,1,100.00%,1.00,00:00:00,0.00%,0,$0.00
Drachten,1,100.00%,1,100.00%,1.00,00:00:00,0.00%,0,$0.00
Arnhem,1,100.00%,1,100.00%,1.00,00:00:00,0.00%,0,$0.00
Scherpenzeel,1,100.00%,1,100.00%,1.00,00:00:00,0.00%,0,$0.00
Leek,1,100.00%,1,100.00%,1.00,00:00:00,0.00%,0,$0.00
Rijen,1,100.00%,1,100.00%,1.00,00:00:00,0.00%,0,$0.00
Heemstede,1,100.00%,1,100.00%,1.00,00:00:00,0.00%,0,$0.00
Kampen,1,100.00%,1,0.00%,2.00,00:00:00,0.00%,0,$0.00
Utrecht,1,100.00%,1,0.00%,0.00,00:00:00,0.00%,0,$0.00
Terneuzen,1,100.00%,1,0.00%,2.00,00:00:00,0.00%,0,$0.00
Alphen aan den Rijn,1,100.00%,1,0.00%,2.00,00:00:01,0.00%,0,$0.00
Hellevoetsluis,1,100.00%,1,100.00%,1.00,00:00:00,0.00%,0,$0.00
Wellington,1,100.00%,1,100.00%,1.00,00:00:00,0.00%,0,$0.00
Christchurch,1,100.00%,1,100.00%,1.00,00:00:00,0.00%,0,$0.00
Muscat,1,100.00%,1,100.00%,1.00,00:00:00,0.00%,0,$0.00
Karachi,1,100.00%,1,100.00%,1.00,00:00:00,0.00%,0,$0.00
Lahore,1,100.00%,1,100.00%,1.00,00:00:00,0.00%,0,$0.00
Rawalpindi,1,100.00%,1,100.00%,1.00,00:00:00,0.00%,0,$0.00
Makati,1,100.00%,1,0.00%,2.00,00:01:12,0.00%,0,$0.00
Manila,1,100.00%,1,100.00%,1.00,00:00:00,0.00%,0,$0.00
Quezon City,1,100.00%,1,0.00%,2.00,00:00:00,0.00%,0,$0.00
Pasig,1,100.00%,1,100.00%,1.00,00:00:00,0.00%,0,$0.00
Bydgoszcz,1,100.00%,1,100.00%,1.00,00:00:00,0.00%,0,$0.00
Lodz,1,100.00%,1,100.00%,1.00,00:00:00,0.00%,0,$0.00
Lubartow,1,100.00%,1,100.00%,1.00,00:00:00,0.00%,0,$0.00
Gostynin,1,100.00%,1,100.00%,1.00,00:00:00,0.00%,0,$0.00
Bialystok,1,100.00%,1,0.00%,8.00,00:00:00,0.00%,0,$0.00
Katowice,1,100.00%,1,100.00%,1.00,00:00:00,0.00%,0,$0.00
Ruda Slaska,1,100.00%,1,100.00%,1.00,00:00:00,0.00%,0,$0.00
Olsztyn,1,100.00%,1,100.00%,1.00,00:00:00,0.00%,0,$0.00
Coimbra,1,100.00%,1,0.00%,2.00,00:00:00,0.00%,0,$0.00
Lisbon,1,100.00%,1,100.00%,1.00,00:00:00,0.00%,0,$0.00
Sintra,1,100.00%,1,100.00%,1.00,00:00:00,0.00%,0,$0.00
Felgueiras,1,100.00%,1,0.00%,2.00,00:00:00,0.00%,0,$0.00
Porto,1,100.00%,1,100.00%,1.00,00:00:00,0.00%,0,$0.00
Doha,1,100.00%,1,0.00%,2.00,00:00:01,0.00%,0,$0.00
Bucharest,1,100.00%,1,100.00%,1.00,00:00:00,0.00%,0,$0.00
Rubtsovsk,1,100.00%,1,100.00%,1.00,00:00:00,0.00%,0,$0.00
Arkhangelsk,1,0.00%,0,0.00%,2.00,00:02:01,0.00%,0,$0.00
Sterlitamak,1,100.00%,1,100.00%,1.00,00:00:00,0.00%,0,$0.00
Magnitogorsk,1,0.00%,0,100.00%,1.00,00:00:00,0.00%,0,$0.00
Angarsk,1,0.00%,0,100.00%,1.00,00:00:00,0.00%,0,$0.00
Irkutsk,1,0.00%,0,100.00%,1.00,00:00:00,0.00%,0,$0.00
Ivanovo,1,0.00%,0,100.00%,1.00,00:00:00,0.00%,0,$0.00
Novokuznetsk,1,0.00%,0,100.00%,1.00,00:00:00,0.00%,0,$0.00
Kirov,1,100.00%,1,100.00%,1.00,00:00:00,0.00%,0,$0.00
Kostroma,1,100.00%,1,100.00%,1.00,00:00:00,0.00%,0,$0.00
Krasnoyarsk,1,100.00%,1,100.00%,1.00,00:00:00,0.00%,0,$0.00
Lipetsk,1,0.00%,0,100.00%,1.00,00:00:00,0.00%,0,$0.00
Pushkino,1,100.00%,1,100.00%,1.00,00:00:00,0.00%,0,$0.00
Sergiev Posad,1,0.00%,0,100.00%,1.00,00:00:00,0.00%,0,$0.00
Murmansk,1,0.00%,0,100.00%,1.00,00:00:00,0.00%,0,$0.00
Orenburg,1,0.00%,0,100.00%,1.00,00:00:00,0.00%,0,$0.00
Vladivostok,1,0.00%,0,100.00%,1.00,00:00:00,0.00%,0,$0.00
Tolyatti,1,100.00%,1,100.00%,1.00,00:00:00,0.00%,0,$0.00
Vladikavkaz,1,100.00%,1,0.00%,2.00,00:05:00,0.00%,0,$0.00
Kazan,1,0.00%,0,100.00%,1.00,00:00:00,0.00%,0,$0.00
Tula,1,100.00%,1,100.00%,1.00,00:00:00,0.00%,0,$0.00
Ulyanovsk,1,100.00%,1,100.00%,1.00,00:00:00,0.00%,0,$0.00
Volgograd,1,0.00%,0,100.00%,1.00,00:00:00,0.00%,0,$0.00
Jeddah,1,100.00%,1,0.00%,2.00,00:00:03,0.00%,0,$0.00
Dhahran,1,100.00%,1,100.00%,1.00,00:00:00,0.00%,0,$0.00
Ljubljana,1,100.00%,1,0.00%,2.00,00:00:00,0.00%,0,$0.00
Maribor,1,100.00%,1,0.00%,2.00,00:00:00,0.00%,0,$0.00
Skelleftea,1,100.00%,1,100.00%,1.00,00:00:00,0.00%,0,$0.00
Eskilstuna,1,100.00%,1,0.00%,2.00,00:00:00,0.00%,0,$0.00
Jonkoping,1,100.00%,1,100.00%,1.00,00:00:00,0.00%,0,$0.00
Vaxjo,1,100.00%,1,100.00%,1.00,00:00:00,0.00%,0,$0.00
Hoor,1,100.00%,1,100.00%,1.00,00:00:00,0.00%,0,$0.00
Landskrona,1,100.00%,1,100.00%,1.00,00:00:00,0.00%,0,$0.00
Lund,1,100.00%,1,0.00%,2.00,00:00:00,0.00%,0,$0.00
Borlange,1,100.00%,1,0.00%,2.00,00:00:00,0.00%,0,$0.00
Bollnas,1,100.00%,1,100.00%,1.00,00:00:00,0.00%,0,$0.00
Dushanbe,1,100.00%,1,100.00%,1.00,00:00:00,0.00%,0,$0.00
Tunis,1,100.00%,1,100.00%,1.00,00:00:00,0.00%,0,$0.00
Diyarbakir,1,100.00%,1,100.00%,1.00,00:00:00,0.00%,0,$0.00
Mersin,1,100.00%,1,100.00%,1.00,00:00:00,0.00%,0,$0.00
Gebze,1,100.00%,1,100.00%,1.00,00:00:00,0.00%,0,$0.00
Taoyuan District,1,100.00%,1,100.00%,1.00,00:00:00,0.00%,0,$0.00
Vinnytsia,1,100.00%,1,100.00%,1.00,00:00:00,0.00%,0,$0.00
Lviv,1,100.00%,1,100.00%,1.00,00:00:00,0.00%,0,$0.00
Odessa,1,0.00%,0,100.00%,1.00,00:00:00,0.00%,0,$0.00
Birmingham,1,100.00%,1,100.00%,1.00,00:00:00,0.00%,0,$0.00
Foley,1,100.00%,1,0.00%,0.00,00:00:00,0.00%,0,$0.00
Huntsville,1,100.00%,1,100.00%,1.00,00:00:00,0.00%,0,$0.00
Oxford,1,100.00%,1,0.00%,2.00,00:05:00,0.00%,0,$0.00
Tuscaloosa,1,100.00%,1,100.00%,1.00,00:00:00,0.00%,0,$0.00
Bentonville,1,100.00%,1,100.00%,1.00,00:00:00,0.00%,0,$0.00
Little Rock,1,0.00%,0,0.00%,4.00,00:00:42,0.00%,0,$0.00
Sierra Vista,1,100.00%,1,100.00%,1.00,00:00:00,0.00%,0,$0.00
Tucson,1,100.00%,1,100.00%,1.00,00:00:00,0.00%,0,$0.00
Alameda,1,100.00%,1,100.00%,1.00,00:00:00,0.00%,0,$0.00
Arcata,1,100.00%,1,0.00%,3.00,00:00:22,0.00%,0,$0.00
Arroyo Grande,1,100.00%,1,100.00%,1.00,00:00:00,0.00%,0,$0.00
Burlingame,1,100.00%,1,100.00%,1.00,00:00:00,0.00%,0,$0.00
Camarillo,1,100.00%,1,100.00%,1.00,00:00:00,0.00%,0,$0.00
Carson,1,100.00%,1,0.00%,3.00,00:00:31,0.00%,0,$0.00
Chico,1,100.00%,1,100.00%,1.00,00:00:00,0.00%,0,$0.00
Chula Vista,1,100.00%,1,0.00%,2.00,00:00:00,0.00%,0,$0.00
Concord,1,100.00%,1,100.00%,1.00,00:00:00,0.00%,0,$0.00
Cupertino,1,100.00%,1,0.00%,12.00,00:04:38,0.00%,0,$0.00
Delano,1,100.00%,1,100.00%,1.00,00:00:00,0.00%,0,$0.00
Dinuba,1,100.00%,1,100.00%,1.00,00:00:00,0.00%,0,$0.00
El Cajon,1,100.00%,1,0.00%,2.00,00:00:00,0.00%,0,$0.00
El Monte,1,100.00%,1,0.00%,4.00,00:00:00,0.00%,0,$0.00
Folsom,1,100.00%,1,0.00%,2.00,00:00:00,0.00%,0,$0.00
Fremont,1,100.00%,1,100.00%,1.00,00:00:00,0.00%,0,$0.00
Fresno,1,100.00%,1,0.00%,0.00,00:00:00,0.00%,0,$0.00
Gilroy,1,100.00%,1,100.00%,1.00,00:00:00,0.00%,0,$0.00
Glendale,1,100.00%,1,0.00%,6.00,00:00:04,0.00%,0,$0.00
Hawthorne,1,100.00%,1,0.00%,2.00,00:00:00,0.00%,0,$0.00
Indio,1,100.00%,1,0.00%,2.00,00:00:00,0.00%,0,$0.00
Inglewood,1,100.00%,1,100.00%,1.00,00:00:00,0.00%,0,$0.00
La Puente,1,100.00%,1,0.00%,2.00,00:00:00,0.00%,0,$0.00
Lakewood,1,100.00%,1,100.00%,1.00,00:00:00,0.00%,0,$0.00
Lancaster,1,100.00%,1,100.00%,1.00,00:00:00,0.00%,0,$0.00
Los Banos,1,100.00%,1,0.00%,2.00,00:00:00,0.00%,0,$0.00
Manteca,1,100.00%,1,100.00%,1.00,00:00:00,0.00%,0,$0.00
Martinez,1,100.00%,1,100.00%,1.00,00:00:00,0.00%,0,$0.00
Montclair,1,100.00%,1,0.00%,2.00,00:00:00,0.00%,0,$0.00
Moreno Valley,1,100.00%,1,100.00%,1.00,00:00:00,0.00%,0,$0.00
Newport Beach,1,100.00%,1,100.00%,1.00,00:00:00,0.00%,0,$0.00
Nipomo,1,100.00%,1,100.00%,1.00,00:00:00,0.00%,0,$0.00
Oakley,1,100.00%,1,100.00%,1.00,00:00:00,0.00%,0,$0.00
Olympic Valley,1,100.00%,1,100.00%,1.00,00:00:00,0.00%,0,$0.00
Ontario,1,100.00%,1,100.00%,1.00,00:00:00,0.00%,0,$0.00
Orange,1,100.00%,1,100.00%,1.00,00:00:00,0.00%,0,$0.00
Oroville,1,0.00%,0,0.00%,5.00,00:06:06,0.00%,0,$0.00
Pasadena,1,100.00%,1,0.00%,2.00,00:00:50,0.00%,0,$0.00
Paso Robles,1,100.00%,1,0.00%,4.00,00:00:42,0.00%,0,$0.00
Patterson,1,100.00%,1,100.00%,1.00,00:00:00,0.00%,0,$0.00
Perris,1,100.00%,1,100.00%,1.00,00:00:00,0.00%,0,$0.00
Pleasanton,1,100.00%,1,100.00%,1.00,00:00:00,0.00%,0,$0.00
Poway,1,100.00%,1,100.00%,1.00,00:00:00,0.00%,0,$0.00
Redwood City,1,100.00%,1,0.00%,2.00,00:00:00,0.00%,0,$0.00
Reedley,1,100.00%,1,100.00%,1.00,00:00:00,0.00%,0,$0.00
Rio Vista,1,100.00%,1,0.00%,2.00,00:00:02,0.00%,0,$0.00
Riverside,1,100.00%,1,100.00%,1.00,00:00:00,0.00%,0,$0.00
Roseville,1,100.00%,1,100.00%,1.00,00:00:00,0.00%,0,$0.00
San Bernardino,1,100.00%,1,100.00%,1.00,00:00:00,0.00%,0,$0.00
San Luis Obispo,1,100.00%,1,0.00%,2.00,00:00:00,0.00%,0,$0.00
Santa Ana,1,100.00%,1,100.00%,1.00,00:00:00,0.00%,0,$0.00
Temple City,1,100.00%,1,100.00%,1.00,00:00:00,0.00%,0,$0.00
Turlock,1,100.00%,1,100.00%,1.00,00:00:00,0.00%,0,$0.00
Tustin,1,100.00%,1,100.00%,1.00,00:00:00,0.00%,0,$0.00
Walnut,1,100.00%,1,0.00%,2.00,00:00:00,0.00%,0,$0.00
Arvada,1,100.00%,1,0.00%,2.00,00:00:00,0.00%,0,$0.00
Boulder,1,100.00%,1,100.00%,1.00,00:00:00,0.00%,0,$0.00
Breckenridge,1,100.00%,1,0.00%,2.00,00:00:00,0.00%,0,$0.00
Fort Collins,1,100.00%,1,0.00%,2.00,00:00:00,0.00%,0,$0.00
Littleton,1,100.00%,1,100.00%,1.00,00:00:00,0.00%,0,$0.00
Longmont,1,100.00%,1,100.00%,1.00,00:00:00,0.00%,0,$0.00
Westminster,1,100.00%,1,0.00%,14.00,00:01:03,0.00%,0,$0.00
Wheat Ridge,1,100.00%,1,100.00%,1.00,00:00:00,0.00%,0,$0.00
New Haven,1,100.00%,1,100.00%,1.00,00:00:00,0.00%,0,$0.00
New London,1,100.00%,1,100.00%,1.00,00:00:00,0.00%,0,$0.00
Norwich,1,100.00%,1,100.00%,1.00,00:00:00,0.00%,0,$0.00
Blountstown,1,100.00%,1,100.00%,1.00,00:00:00,0.00%,0,$0.00
Cocoa Beach,1,100.00%,1,100.00%,1.00,00:00:00,0.00%,0,$0.00
Deerfield Beach,1,100.00%,1,100.00%,1.00,00:00:00,0.00%,0,$0.00
Dunedin,1,100.00%,1,0.00%,2.00,00:00:00,0.00%,0,$0.00
Fernandina Beach,1,100.00%,1,100.00%,1.00,00:00:00,0.00%,0,$0.00
Fort Walton Beach,1,100.00%,1,100.00%,1.00,00:00:00,0.00%,0,$0.00
Gainesville,1,100.00%,1,100.00%,1.00,00:00:00,0.00%,0,$0.00
Jupiter,1,100.00%,1,100.00%,1.00,00:00:00,0.00%,0,$0.00
Melbourne,1,100.00%,1,100.00%,1.00,00:00:00,0.00%,0,$0.00
Ocala,1,100.00%,1,0.00%,2.00,00:01:25,0.00%,0,$0.00
Palm Coast,1,100.00%,1,0.00%,0.00,00:00:00,0.00%,0,$0.00
Pembroke Pines,1,100.00%,1,0.00%,2.00,00:00:00,0.00%,0,$0.00
Seminole,1,100.00%,1,100.00%,1.00,00:00:00,0.00%,0,$0.00
Tallahassee,1,100.00%,1,100.00%,1.00,00:00:00,0.00%,0,$0.00
Wildwood,1,100.00%,1,100.00%,1.00,00:00:00,0.00%,0,$0.00
Winter Park,1,100.00%,1,100.00%,1.00,00:00:00,0.00%,0,$0.00
Columbus,1,100.00%,1,100.00%,1.00,00:00:00,0.00%,0,$0.00
Kennesaw,1,100.00%,1,100.00%,1.00,00:00:00,0.00%,0,$0.00
Loganville,1,100.00%,1,100.00%,1.00,00:00:00,0.00%,0,$0.00
Marietta,1,100.00%,1,0.00%,2.00,00:00:02,0.00%,0,$0.00
Suwanee,1,100.00%,1,0.00%,4.00,00:00:08,0.00%,0,$0.00
Valdosta,1,100.00%,1,100.00%,1.00,00:00:00,0.00%,0,$0.00
Ewa Beach,1,100.00%,1,0.00%,2.00,00:00:00,0.00%,0,$0.00
Wheeler Army Airfield,1,100.00%,1,100.00%,1.00,00:00:00,0.00%,0,$0.00
Ames,1,100.00%,1,100.00%,1.00,00:00:00,0.00%,0,$0.00
Carroll,1,100.00%,1,100.00%,1.00,00:00:00,0.00%,0,$0.00
Des Moines,1,100.00%,1,0.00%,2.00,00:00:00,0.00%,0,$0.00
Iowa City,1,100.00%,1,100.00%,1.00,00:00:00,0.00%,0,$0.00
Norway,1,100.00%,1,100.00%,1.00,00:00:00,0.00%,0,$0.00
American Falls,1,100.00%,1,0.00%,2.00,00:00:00,0.00%,0,$0.00
Boise,1,100.00%,1,100.00%,1.00,00:00:00,0.00%,0,$0.00
Champaign,1,100.00%,1,100.00%,1.00,00:00:00,0.00%,0,$0.00
Chicago Heights,1,100.00%,1,0.00%,0.00,00:00:00,0.00%,0,$0.00
East Peoria,1,100.00%,1,0.00%,4.00,00:17:31,0.00%,0,$0.00
East Saint Louis,1,100.00%,1,100.00%,1.00,00:00:00,0.00%,0,$0.00
Effingham,1,100.00%,1,100.00%,1.00,00:00:00,0.00%,0,$0.00
Elmwood,1,100.00%,1,100.00%,1.00,00:00:00,0.00%,0,$0.00
Glendale Heights,1,100.00%,1,100.00%,1.00,00:00:00,0.00%,0,$0.00
Greenville,1,100.00%,1,100.00%,1.00,00:00:00,0.00%,0,$0.00
Joliet,1,100.00%,1,100.00%,1.00,00:00:00,0.00%,0,$0.00
Morris,1,100.00%,1,100.00%,1.00,00:00:00,0.00%,0,$0.00
Naperville,1,100.00%,1,0.00%,0.00,00:00:00,0.00%,0,$0.00
Rockford,1,100.00%,1,0.00%,0.00,00:00:00,0.00%,0,$0.00
Rolling Meadows,1,100.00%,1,0.00%,2.00,00:00:01,0.00%,0,$0.00
Auburn,1,100.00%,1,0.00%,10.00,00:00:58,0.00%,0,$0.00
Elkhart,1,100.00%,1,100.00%,1.00,00:00:00,0.00%,0,$0.00
Fort Wayne,1,100.00%,1,100.00%,1.00,00:00:00,0.00%,0,$0.00
Jasper,1,100.00%,1,100.00%,1.00,00:00:00,0.00%,0,$0.00
Richmond,1,100.00%,1,100.00%,1.00,00:00:00,0.00%,0,$0.00
Valparaiso,1,100.00%,1,100.00%,1.00,00:00:00,0.00%,0,$0.00
Kansas City,1,100.00%,1,100.00%,1.00,00:00:00,0.00%,0,$0.00
Glasgow,1,100.00%,1,100.00%,1.00,00:00:00,0.00%,0,$0.00
Lexington,1,100.00%,1,100.00%,1.00,00:00:00,0.00%,0,$0.00
Salyersville,1,100.00%,1,0.00%,2.00,00:00:00,0.00%,0,$0.00
Alexandria,1,100.00%,1,100.00%,1.00,00:00:00,0.00%,0,$0.00
Belle Chasse,1,100.00%,1,0.00%,2.00,00:00:00,0.00%,0,$0.00
Denham Springs,1,100.00%,1,100.00%,1.00,00:00:00,0.00%,0,$0.00
Houma,1,100.00%,1,100.00%,1.00,00:00:00,0.00%,0,$0.00
Lafayette,1,100.00%,1,100.00%,1.00,00:00:00,0.00%,0,$0.00
Pineville,1,100.00%,1,100.00%,1.00,00:00:00,0.00%,0,$0.00
Amherst,1,100.00%,1,100.00%,1.00,00:00:00,0.00%,0,$0.00
Brockton,1,100.00%,1,100.00%,1.00,00:00:00,0.00%,0,$0.00
Burlington,1,0.00%,0,100.00%,1.00,00:00:00,0.00%,0,$0.00
Danvers,1,100.00%,1,100.00%,1.00,00:00:00,0.00%,0,$0.00
Fitchburg,1,100.00%,1,0.00%,2.00,00:00:00,0.00%,0,$0.00
Great Barrington,1,100.00%,1,100.00%,1.00,00:00:00,0.00%,0,$0.00
North Andover,1,100.00%,1,0.00%,2.00,00:00:00,0.00%,0,$0.00
North Attleborough,1,100.00%,1,100.00%,1.00,00:00:00,0.00%,0,$0.00
Templeton,1,100.00%,1,0.00%,21.00,00:06:10,0.00%,0,$0.00
Bowie,1,100.00%,1,100.00%,1.00,00:00:00,0.00%,0,$0.00
Brentwood,1,100.00%,1,100.00%,1.00,00:00:00,0.00%,0,$0.00
Capitol Heights,1,100.00%,1,100.00%,1.00,00:00:00,0.00%,0,$0.00
Clinton,1,100.00%,1,0.00%,2.00,00:00:02,0.00%,0,$0.00
College Park,1,100.00%,1,100.00%,1.00,00:00:00,0.00%,0,$0.00
Frederick,1,100.00%,1,0.00%,2.00,00:00:00,0.00%,0,$0.00
Gaithersburg,1,100.00%,1,100.00%,1.00,00:00:00,0.00%,0,$0.00
Hagerstown,1,100.00%,1,0.00%,2.00,00:00:00,0.00%,0,$0.00
Montgomery Village,1,100.00%,1,100.00%,1.00,00:00:00,0.00%,0,$0.00
Owings Mills,1,100.00%,1,100.00%,1.00,00:00:00,0.00%,0,$0.00
Rockville,1,100.00%,1,100.00%,1.00,00:00:00,0.00%,0,$0.00
Durham,1,100.00%,1,100.00%,1.00,00:00:00,0.00%,0,$0.00
Bay City,1,100.00%,1,0.00%,2.00,00:00:00,0.00%,0,$0.00
Cadillac,1,100.00%,1,100.00%,1.00,00:00:00,0.00%,0,$0.00
Canton,1,100.00%,1,0.00%,2.00,00:00:00,0.00%,0,$0.00
Caro,1,100.00%,1,100.00%,1.00,00:00:00,0.00%,0,$0.00
Howard City,1,100.00%,1,100.00%,1.00,00:00:00,0.00%,0,$0.00
Lansing,1,100.00%,1,0.00%,2.00,00:01:06,0.00%,0,$0.00
Madison Heights,1,100.00%,1,0.00%,6.00,00:01:39,0.00%,0,$0.00
Marquette Township,1,100.00%,1,100.00%,1.00,00:00:00,0.00%,0,$0.00
Saline,1,100.00%,1,0.00%,2.00,00:05:00,0.00%,0,$0.00
Southfield,1,100.00%,1,100.00%,1.00,00:00:00,0.00%,0,$0.00
Taylor,1,100.00%,1,100.00%,1.00,00:00:00,0.00%,0,$0.00
Troy,1,100.00%,1,100.00%,1.00,00:00:00,0.00%,0,$0.00
Westland,1,100.00%,1,0.00%,2.00,00:00:00,0.00%,0,$0.00
Ypsilanti,1,100.00%,1,0.00%,2.00,00:10:00,0.00%,0,$0.00
Forest Lake,1,100.00%,1,100.00%,1.00,00:00:00,0.00%,0,$0.00
Lakeville,1,100.00%,1,0.00%,4.00,00:09:07,0.00%,0,$0.00
Sherburn,1,100.00%,1,0.00%,2.00,00:00:00,0.00%,0,$0.00
Fordland,1,100.00%,1,100.00%,1.00,00:00:00,0.00%,0,$0.00
Lee's Summit,1,100.00%,1,0.00%,2.00,00:00:00,0.00%,0,$0.00
Liberty,1,100.00%,1,100.00%,1.00,00:00:00,0.00%,0,$0.00
Marionville,1,100.00%,1,100.00%,1.00,00:00:00,0.00%,0,$0.00
Marshall,1,100.00%,1,100.00%,1.00,00:00:00,0.00%,0,$0.00
St. Louis,1,100.00%,1,0.00%,2.00,00:05:00,0.00%,0,$0.00
Warrensburg,1,100.00%,1,0.00%,2.00,00:00:00,0.00%,0,$0.00
Durant,1,100.00%,1,0.00%,2.00,00:00:00,0.00%,0,$0.00
Natchez,1,100.00%,1,100.00%,1.00,00:00:00,0.00%,0,$0.00
Ocean Springs,1,100.00%,1,100.00%,1.00,00:00:00,0.00%,0,$0.00
Bozeman,1,100.00%,1,100.00%,1.00,00:00:00,0.00%,0,$0.00
Helena,1,100.00%,1,100.00%,1.00,00:00:00,0.00%,0,$0.00
Kalispell,1,100.00%,1,100.00%,1.00,00:00:00,0.00%,0,$0.00
Missoula,1,100.00%,1,100.00%,1.00,00:00:00,0.00%,0,$0.00
Asheville,1,100.00%,1,0.00%,2.00,00:00:00,0.00%,0,$0.00
Belmont,1,100.00%,1,100.00%,1.00,00:00:00,0.00%,0,$0.00
Cary,1,100.00%,1,100.00%,1.00,00:00:00,0.00%,0,$0.00
Chapel Hill,1,100.00%,1,100.00%,1.00,00:00:00,0.00%,0,$0.00
Concord,1,100.00%,1,100.00%,1.00,00:00:00,0.00%,0,$0.00
Durham,1,100.00%,1,0.00%,2.00,00:00:00,0.00%,0,$0.00
Elizabeth City,1,100.00%,1,100.00%,1.00,00:00:00,0.00%,0,$0.00
Gastonia,1,100.00%,1,100.00%,1.00,00:00:00,0.00%,0,$0.00
Jacksonville,1,100.00%,1,100.00%,1.00,00:00:00,0.00%,0,$0.00
Lumberton,1,100.00%,1,0.00%,2.00,00:00:00,0.00%,0,$0.00
Mooresville,1,100.00%,1,100.00%,1.00,00:00:00,0.00%,0,$0.00
Wilmington,1,100.00%,1,100.00%,1.00,00:00:00,0.00%,0,$0.00
Winston-Salem,1,100.00%,1,100.00%,1.00,00:00:00,0.00%,0,$0.00
Williston,1,100.00%,1,0.00%,2.00,00:00:00,0.00%,0,$0.00
Bellevue,1,100.00%,1,100.00%,1.00,00:00:00,0.00%,0,$0.00
Manchester,1,100.00%,1,100.00%,1.00,00:00:00,0.00%,0,$0.00
Berkeley Heights,1,100.00%,1,100.00%,1.00,00:00:00,0.00%,0,$0.00
Denville,1,100.00%,1,0.00%,2.00,00:00:00,0.00%,0,$0.00
East Orange,1,100.00%,1,0.00%,2.00,00:00:00,0.00%,0,$0.00
Hackensack,1,100.00%,1,0.00%,13.00,00:00:00,0.00%,0,$0.00
Jersey City,1,100.00%,1,0.00%,2.00,00:00:00,0.00%,0,$0.00
Newark,1,100.00%,1,100.00%,1.00,00:00:00,0.00%,0,$0.00
Piscataway Township,1,100.00%,1,100.00%,1.00,00:00:00,0.00%,0,$0.00
Sayreville,1,100.00%,1,0.00%,2.00,00:01:40,0.00%,0,$0.00
South Orange,1,100.00%,1,0.00%,2.00,00:00:00,0.00%,0,$0.00
Totowa,1,100.00%,1,100.00%,1.00,00:00:00,0.00%,0,$0.00
Warren,1,100.00%,1,100.00%,1.00,00:00:00,0.00%,0,$0.00
Albuquerque,1,100.00%,1,100.00%,1.00,00:00:00,0.00%,0,$0.00
Elko,1,100.00%,1,100.00%,1.00,00:00:00,0.00%,0,$0.00
North Las Vegas,1,100.00%,1,100.00%,1.00,00:00:00,0.00%,0,$0.00
Deer Park,1,100.00%,1,0.00%,2.00,00:00:00,0.00%,0,$0.00
Franklin Square,1,100.00%,1,0.00%,2.00,00:00:01,0.00%,0,$0.00
Ithaca,1,100.00%,1,100.00%,1.00,00:00:00,0.00%,0,$0.00
Monticello,1,100.00%,1,100.00%,1.00,00:00:00,0.00%,0,$0.00
Norwich,1,100.00%,1,100.00%,1.00,00:00:00,0.00%,0,$0.00
Oneida,1,100.00%,1,100.00%,1.00,00:00:00,0.00%,0,$0.00
Rye,1,100.00%,1,0.00%,6.00,00:01:01,0.00%,0,$0.00
Smithtown,1,100.00%,1,100.00%,1.00,00:00:00,0.00%,0,$0.00
Uniondale,1,100.00%,1,100.00%,1.00,00:00:00,0.00%,0,$0.00
Utica,1,100.00%,1,100.00%,1.00,00:00:00,0.00%,0,$0.00
Valley Stream,1,100.00%,1,0.00%,4.00,00:00:00,0.00%,0,$0.00
Barberton,1,100.00%,1,0.00%,2.00,00:00:00,0.00%,0,$0.00
Cleves,1,100.00%,1,100.00%,1.00,00:00:00,0.00%,0,$0.00
Dublin,1,100.00%,1,100.00%,1.00,00:00:00,0.00%,0,$0.00
Hamilton,1,100.00%,1,0.00%,7.00,00:00:20,0.00%,0,$0.00
Mansfield,1,100.00%,1,100.00%,1.00,00:00:00,0.00%,0,$0.00
Mason,1,100.00%,1,0.00%,5.00,00:00:18,0.00%,0,$0.00
Norwalk,1,100.00%,1,100.00%,1.00,00:00:00,0.00%,0,$0.00
Portsmouth,1,100.00%,1,100.00%,1.00,00:00:00,0.00%,0,$0.00
Ravenna,1,100.00%,1,100.00%,1.00,00:00:00,0.00%,0,$0.00
Reynoldsburg,1,100.00%,1,0.00%,2.00,00:00:01,0.00%,0,$0.00
Springfield,1,100.00%,1,100.00%,1.00,00:00:00,0.00%,0,$0.00
Toledo,1,100.00%,1,100.00%,1.00,00:00:00,0.00%,0,$0.00
Upper Sandusky,1,100.00%,1,100.00%,1.00,00:00:00,0.00%,0,$0.00
Westlake,1,100.00%,1,0.00%,6.00,00:14:47,0.00%,0,$0.00
Wickliffe,1,100.00%,1,100.00%,1.00,00:00:00,0.00%,0,$0.00
Hobart,1,100.00%,1,100.00%,1.00,00:00:00,0.00%,0,$0.00
Oklahoma City,1,100.00%,1,0.00%,2.00,00:06:40,0.00%,0,$0.00
Tulsa,1,100.00%,1,0.00%,2.00,00:00:00,0.00%,0,$0.00
Coos Bay,1,100.00%,1,0.00%,2.00,00:00:01,0.00%,0,$0.00
Fairview,1,100.00%,1,100.00%,1.00,00:00:00,0.00%,0,$0.00
Gresham,1,100.00%,1,0.00%,2.00,00:00:00,0.00%,0,$0.00
Lincoln City,1,100.00%,1,0.00%,5.00,00:00:35,0.00%,0,$0.00
Prineville,1,100.00%,1,100.00%,1.00,00:00:00,0.00%,0,$0.00
Woodburn,1,100.00%,1,100.00%,1.00,00:00:00,0.00%,0,$0.00
Edinboro,1,100.00%,1,100.00%,1.00,00:00:00,0.00%,0,$0.00
Harrisburg,1,100.00%,1,100.00%,1.00,00:00:00,0.00%,0,$0.00
King of Prussia,1,100.00%,1,100.00%,1.00,00:00:00,0.00%,0,$0.00
Lehman,1,100.00%,1,100.00%,1.00,00:00:00,0.00%,0,$0.00
Middletown,1,100.00%,1,0.00%,2.00,00:00:00,0.00%,0,$0.00
Palmerton,1,100.00%,1,100.00%,1.00,00:00:00,0.00%,0,$0.00
Robinson Township,1,100.00%,1,0.00%,2.00,00:00:40,0.00%,0,$0.00
Royersford,1,100.00%,1,100.00%,1.00,00:00:00,0.00%,0,$0.00
Towanda,1,100.00%,1,100.00%,1.00,00:00:00,0.00%,0,$0.00
Williamsport,1,100.00%,1,100.00%,1.00,00:00:00,0.00%,0,$0.00
Barrington,1,100.00%,1,100.00%,1.00,00:00:00,0.00%,0,$0.00
Cranston,1,100.00%,1,100.00%,1.00,00:00:00,0.00%,0,$0.00
North Kingstown,1,100.00%,1,100.00%,1.00,00:00:00,0.00%,0,$0.00
Providence,1,100.00%,1,0.00%,4.00,00:00:00,0.00%,0,$0.00
Warwick,1,100.00%,1,100.00%,1.00,00:00:00,0.00%,0,$0.00
Due West,1,100.00%,1,0.00%,0.00,00:00:00,0.00%,0,$0.00
Florence,1,100.00%,1,100.00%,1.00,00:00:00,0.00%,0,$0.00
Hitchcock,1,100.00%,1,100.00%,1.00,00:00:00,0.00%,0,$0.00
Rapid City,1,100.00%,1,100.00%,1.00,00:00:00,0.00%,0,$0.00
Collierville,1,100.00%,1,100.00%,1.00,00:00:00,0.00%,0,$0.00
Springfield,1,100.00%,1,100.00%,1.00,00:00:00,0.00%,0,$0.00
Allen,1,100.00%,1,0.00%,11.00,00:02:01,0.00%,0,$0.00
Carrollton,1,100.00%,1,100.00%,1.00,00:00:00,0.00%,0,$0.00
Cedar Park,1,100.00%,1,100.00%,1.00,00:00:00,0.00%,0,$0.00
Conroe,1,100.00%,1,100.00%,1.00,00:00:00,0.00%,0,$0.00
Corpus Christi,1,100.00%,1,100.00%,1.00,00:00:00,0.00%,0,$0.00
Del Rio,1,100.00%,1,100.00%,1.00,00:00:00,0.00%,0,$0.00
Fort Worth,1,100.00%,1,100.00%,1.00,00:00:00,0.00%,0,$0.00
Greenville,1,100.00%,1,100.00%,1.00,00:00:00,0.00%,0,$0.00
Hemphill,1,0.00%,0,0.00%,2.00,00:00:02,0.00%,0,$0.00
Huntington,1,0.00%,0,0.00%,5.00,00:00:14,0.00%,0,$0.00
Lewisville,1,100.00%,1,0.00%,16.00,00:02:58,0.00%,0,$0.00
Little Elm,1,100.00%,1,100.00%,1.00,00:00:00,0.00%,0,$0.00
Plano,1,100.00%,1,100.00%,1.00,00:00:00,0.00%,0,$0.00
Rosenberg,1,0.00%,0,0.00%,2.00,00:00:01,0.00%,0,$0.00
Snyder,1,100.00%,1,0.00%,3.00,00:01:39,0.00%,0,$0.00
Waco,1,100.00%,1,0.00%,2.00,00:00:00,0.00%,0,$0.00
Waxahachie,1,100.00%,1,100.00%,1.00,00:00:00,0.00%,0,$0.00
Wichita Falls,1,100.00%,1,100.00%,1.00,00:00:00,0.00%,0,$0.00
Bountiful,1,100.00%,1,100.00%,1.00,00:00:00,0.00%,0,$0.00
Coalville,1,100.00%,1,100.00%,1.00,00:00:00,0.00%,0,$0.00
Logan,1,100.00%,1,0.00%,0.00,00:00:00,0.00%,0,$0.00
Provo,1,100.00%,1,100.00%,1.00,00:00:00,0.00%,0,$0.00
South Jordan,1,100.00%,1,0.00%,2.00,00:00:00,0.00%,0,$0.00
Arcola,1,100.00%,1,0.00%,2.00,00:00:00,0.00%,0,$0.00
Blacksburg,1,100.00%,1,100.00%,1.00,00:00:00,0.00%,0,$0.00
Bristow,1,100.00%,1,100.00%,1.00,00:00:00,0.00%,0,$0.00
Charlottesville,1,100.00%,1,0.00%,2.00,00:00:00,0.00%,0,$0.00
Dulles,1,100.00%,1,0.00%,2.00,00:00:00,0.00%,0,$0.00
Fairfax,1,100.00%,1,100.00%,1.00,00:00:00,0.00%,0,$0.00
Fredericksburg,1,100.00%,1,0.00%,4.00,00:00:37,0.00%,0,$0.00
Harrisonburg,1,100.00%,1,100.00%,1.00,00:00:00,0.00%,0,$0.00
Mechanicsville,1,100.00%,1,100.00%,1.00,00:00:00,0.00%,0,$0.00
Newington,1,100.00%,1,100.00%,1.00,00:00:00,0.00%,0,$0.00
Norfolk,1,100.00%,1,100.00%,1.00,00:00:00,0.00%,0,$0.00
Roanoke,1,100.00%,1,0.00%,2.00,00:00:00,0.00%,0,$0.00
Stafford,1,100.00%,1,100.00%,1.00,00:00:00,0.00%,0,$0.00
Virginia Beach,1,100.00%,1,0.00%,4.00,00:00:09,0.00%,0,$0.00
Warrenton,1,100.00%,1,0.00%,2.00,00:00:00,0.00%,0,$0.00
South Burlington,1,100.00%,1,0.00%,2.00,00:08:20,0.00%,0,$0.00
La Conner,1,100.00%,1,100.00%,1.00,00:00:00,0.00%,0,$0.00
Rainier,1,100.00%,1,100.00%,1.00,00:00:00,0.00%,0,$0.00
Snoqualmie,1,100.00%,1,100.00%,1.00,00:00:00,0.00%,0,$0.00
Spokane,1,100.00%,1,100.00%,1.00,00:00:00,0.00%,0,$0.00
Bruce,1,100.00%,1,100.00%,1.00,00:00:00,0.00%,0,$0.00
Eau Claire,1,100.00%,1,100.00%,1.00,00:00:00,0.00%,0,$0.00
Franklin,1,100.00%,1,100.00%,1.00,00:00:00,0.00%,0,$0.00
Charleston,1,100.00%,1,0.00%,2.00,00:00:00,0.00%,0,$0.00
Tashkent,1,100.00%,1,100.00%,1.00,00:00:00,0.00%,0,$0.00
Caracas,1,100.00%,1,0.00%,2.00,00:00:00,0.00%,0,$0.00
East London,1,100.00%,1,100.00%,1.00,00:00:00,0.00%,0,$0.00
Centurion,1,100.00%,1,100.00%,1.00,00:00:00,0.00%,0,$0.00
Pretoria,1,100.00%,1,100.00%,1.00,00:00:00,0.00%,0,$0.00
Tongliao,1,100.00%,1,100.00%,1.00,00:00:00,0.00%,0,$0.00
La Romana,1,100.00%,1,100.00%,1.00,00:00:00,0.00%,0,$0.00
tp. Vung Tau,1,100.00%,1,100.00%,1.00,00:00:00,0.00%,0,$0.00
Hagen,1,100.00%,1,0.00%,16.00,00:02:05,0.00%,0,$0.00
Saitama,1,100.00%,1,100.00%,1.00,00:00:00,0.00%,0,$0.00
Itabashi,1,100.00%,1,100.00%,1.00,00:00:00,0.00%,0,$0.00
Zabreh,1,100.00%,1,100.00%,1.00,00:00:00,0.00%,0,$0.00
Bello,1,100.00%,1,100.00%,1.00,00:00:00,0.00%,0,$0.00
Os,1,100.00%,1,100.00%,1.00,00:00:00,0.00%,0,$0.00
Berehove,1,100.00%,1,0.00%,0.00,00:00:00,0.00%,0,$0.00
Altstatten,1,100.00%,1,0.00%,2.00,00:00:01,0.00%,0,$0.00
Olten,1,100.00%,1,100.00%,1.00,00:00:00,0.00%,0,$0.00
Asan-si,1,100.00%,1,0.00%,2.00,00:05:00,0.00%,0,$0.00
Goyang-si,1,100.00%,1,100.00%,1.00,00:00:00,0.00%,0,$0.00
Gumi-si,1,100.00%,1,0.00%,2.00,00:00:50,0.00%,0,$0.00
Gyeongju-si,1,100.00%,1,100.00%,1.00,00:00:00,0.00%,0,$0.00
Haman-gun,1,100.00%,1,100.00%,1.00,00:00:00,0.00%,0,$0.00
Fohnsdorf,1,100.00%,1,100.00%,1.00,00:00:00,0.00%,0,$0.00
Nowy Dwor Mazowiecki,1,100.00%,1,0.00%,2.00,00:00:01,0.00%,0,$0.00
Cabo San Lucas,1,100.00%,1,100.00%,1.00,00:00:00,0.00%,0,$0.00
Fresnillo,1,100.00%,1,100.00%,1.00,00:00:00,0.00%,0,$0.00
Linares,1,100.00%,1,100.00%,1.00,00:00:00,0.00%,0,$0.00
Arapiraca,1,100.00%,1,0.00%,2.00,00:00:00,0.00%,0,$0.00
Cajazeiras,1,100.00%,1,100.00%,1.00,00:00:00,0.00%,0,$0.00
Cruzeiro do Oeste,1,100.00%,1,0.00%,2.00,00:00:00,0.00%,0,$0.00
Itapema,1,100.00%,1,100.00%,1.00,00:00:00,0.00%,0,$0.00
Pinhais,1,100.00%,1,100.00%,1.00,00:00:00,0.00%,0,$0.00
Porciuncula,1,100.00%,1,0.00%,2.00,00:00:00,0.00%,0,$0.00
Sao Simao,1,100.00%,1,100.00%,1.00,00:00:00,0.00%,0,$0.00
Baoshan,1,100.00%,1,100.00%,1.00,00:00:00,0.00%,0,$0.00
Guang'an,1,100.00%,1,100.00%,1.00,00:00:00,0.00%,0,$0.00
Huludao,1,100.00%,1,100.00%,1.00,00:00:00,0.00%,0,$0.00
Ili,1,100.00%,1,100.00%,1.00,00:00:00,0.00%,0,$0.00
Jining,1,100.00%,1,100.00%,1.00,00:00:00,0.00%,0,$0.00
Sanya,1,100.00%,1,100.00%,1.00,00:00:00,0.00%,0,$0.00
Xingtai,1,100.00%,1,0.00%,2.00,00:06:40,0.00%,0,$0.00
Zhongshan,1,100.00%,1,100.00%,1.00,00:00:00,0.00%,0,$0.00
Csorna,1,100.00%,1,100.00%,1.00,00:00:00,0.00%,0,$0.00
Nagykallo,1,100.00%,1,100.00%,1.00,00:00:00,0.00%,0,$0.00
Pimpri-Chinchwad,1,100.00%,1,100.00%,1.00,00:00:00,0.00%,0,$0.00
Secunderabad,1,100.00%,1,100.00%,1.00,00:00:00,0.00%,0,$0.00
Changhua City,1,100.00%,1,100.00%,1.00,00:00:00,0.00%,0,$0.00
Huwei Township,1,100.00%,1,100.00%,1.00,00:00:00,0.00%,0,$0.00
tp. Thai Nguyen,1,100.00%,1,100.00%,1.00,00:00:00,0.00%,0,$0.00
Lyubertsy,1,100.00%,1,100.00%,1.00,00:00:00,0.00%,0,$0.00
Dmitrov,1,0.00%,0,100.00%,1.00,00:00:00,0.00%,0,$0.00
Mytishchi,1,0.00%,0,100.00%,1.00,00:00:00,0.00%,0,$0.00
Dolgoprudny,1,100.00%,1,100.00%,1.00,00:00:00,0.00%,0,$0.00
Tikhvin,1,0.00%,0,100.00%,1.00,00:00:00,0.00%,0,$0.00
Caseros,1,100.00%,1,100.00%,1.00,00:00:00,0.00%,0,$0.00
Bergen,1,100.00%,1,100.00%,1.00,00:00:00,0.00%,0,$0.00
Hol,1,100.00%,1,100.00%,1.00,00:00:00,0.00%,0,$0.00
Kristiansand,1,100.00%,1,100.00%,1.00,00:00:00,0.00%,0,$0.00
Oppegard,1,100.00%,1,0.00%,2.00,00:00:02,0.00%,0,$0.00
Randaberg,1,0.00%,0,100.00%,1.00,00:00:00,0.00%,0,$0.00
Sharjah,1,100.00%,1,100.00%,1.00,00:00:00,0.00%,0,$0.00
Karnobat,1,100.00%,1,100.00%,1.00,00:00:00,0.00%,0,$0.00
Sunny Beach,1,100.00%,1,100.00%,1.00,00:00:00,0.00%,0,$0.00
Bambui,1,100.00%,1,0.00%,2.00,00:00:01,0.00%,0,$0.00
Santo Antonio da Patrulha,1,100.00%,1,0.00%,2.00,00:00:01,0.00%,0,$0.00
Lower Sackville,1,100.00%,1,0.00%,2.00,00:00:00,0.00%,0,$0.00
Copiapo,1,100.00%,1,100.00%,1.00,00:00:00,0.00%,0,$0.00
Puerto Montt,1,100.00%,1,100.00%,1.00,00:00:00,0.00%,0,$0.00
Deqen,1,100.00%,1,100.00%,1.00,00:00:00,0.00%,0,$0.00
Alpen,1,100.00%,1,100.00%,1.00,00:00:00,0.00%,0,$0.00
Hullhorst,1,100.00%,1,100.00%,1.00,00:00:00,0.00%,0,$0.00
Melle,1,100.00%,1,100.00%,1.00,00:00:00,0.00%,0,$0.00
Oer-Erkenschwick,1,100.00%,1,0.00%,0.00,00:00:00,0.00%,0,$0.00
Solbjerg,1,100.00%,1,0.00%,2.00,00:10:00,0.00%,0,$0.00
Alcantarilla,1,100.00%,1,100.00%,1.00,00:00:00,0.00%,0,$0.00
Estepona,1,100.00%,1,0.00%,2.00,00:01:59,0.00%,0,$0.00
Osuna,1,100.00%,1,0.00%,2.00,00:05:00,0.00%,0,$0.00
Annemasse,1,100.00%,1,0.00%,2.00,00:00:02,0.00%,0,$0.00
Decines-Charpieu,1,100.00%,1,0.00%,5.00,00:00:38,0.00%,0,$0.00
Digoin,1,100.00%,1,100.00%,1.00,00:00:00,0.00%,0,$0.00
Gaillac,1,100.00%,1,100.00%,1.00,00:00:00,0.00%,0,$0.00
Le Perreux-sur-Marne,1,100.00%,1,100.00%,1.00,00:00:00,0.00%,0,$0.00
Les Essarts-le-Roi,1,100.00%,1,0.00%,2.00,00:00:00,0.00%,0,$0.00
Nevers,1,100.00%,1,100.00%,1.00,00:00:00,0.00%,0,$0.00
Nogent-sur-Oise,1,100.00%,1,0.00%,2.00,00:00:00,0.00%,0,$0.00
Saint-Priest,1,100.00%,1,100.00%,1.00,00:00:00,0.00%,0,$0.00
Salon-de-Provence,1,100.00%,1,100.00%,1.00,00:00:00,0.00%,0,$0.00
Somain,1,100.00%,1,100.00%,1.00,00:00:00,0.00%,0,$0.00
Vitry-en-Artois,1,100.00%,1,0.00%,2.00,00:00:01,0.00%,0,$0.00
Bergen op Zoom,1,100.00%,1,0.00%,2.00,00:00:00,0.00%,0,$0.00
Leende,1,100.00%,1,100.00%,1.00,00:00:00,0.00%,0,$0.00
Kotelniki,1,0.00%,0,100.00%,1.00,00:00:00,0.00%,0,$0.00
Noyabrsk,1,0.00%,0,100.00%,1.00,00:00:00,0.00%,0,$0.00
Pushkin,1,0.00%,0,100.00%,1.00,00:00:00,0.00%,0,$0.00
Shatura,1,0.00%,0,100.00%,1.00,00:00:00,0.00%,0,$0.00
Troitsk,1,100.00%,1,100.00%,1.00,00:00:00,0.00%,0,$0.00
Yegoryevsk,1,0.00%,0,100.00%,1.00,00:00:00,0.00%,0,$0.00
Zelenograd,1,100.00%,1,100.00%,1.00,00:00:00,0.00%,0,$0.00
Al Khobar,1,100.00%,1,100.00%,1.00,00:00:00,0.00%,0,$0.00
Dacun Township,1,100.00%,1,0.00%,2.00,00:00:50,0.00%,0,$0.00
Ashwaubenon,1,100.00%,1,100.00%,1.00,00:00:00,0.00%,0,$0.00
Bartonville,1,100.00%,1,100.00%,1.00,00:00:00,0.00%,0,$0.00
Beckett Ridge,1,100.00%,1,100.00%,1.00,00:00:00,0.00%,0,$0.00
Beechwood,1,100.00%,1,0.00%,2.00,00:00:00,0.00%,0,$0.00
Brambleton,1,100.00%,1,0.00%,2.00,00:00:00,0.00%,0,$0.00
Canyon Lake,1,100.00%,1,100.00%,1.00,00:00:00,0.00%,0,$0.00
Cinco Ranch,1,100.00%,1,0.00%,7.00,00:00:53,0.00%,0,$0.00
Dunwoody,1,100.00%,1,100.00%,1.00,00:00:00,0.00%,0,$0.00
East Patchogue,1,100.00%,1,100.00%,1.00,00:00:00,0.00%,0,$0.00
East Point,1,100.00%,1,100.00%,1.00,00:00:00,0.00%,0,$0.00
Enterprise,1,100.00%,1,0.00%,2.00,00:00:00,0.00%,0,$0.00
Evesham Township,1,100.00%,1,0.00%,8.00,00:00:53,0.00%,0,$0.00
Fridley,1,100.00%,1,100.00%,1.00,00:00:00,0.00%,0,$0.00
Fruit Cove,1,100.00%,1,0.00%,10.00,00:08:33,0.00%,0,$0.00
Goddard,1,100.00%,1,0.00%,0.00,00:00:00,0.00%,0,$0.00
Golden Gate,1,100.00%,1,0.00%,2.00,00:00:00,0.00%,0,$0.00
Hamilton Township,1,100.00%,1,100.00%,1.00,00:00:00,0.00%,0,$0.00
Heathrow,1,100.00%,1,100.00%,1.00,00:00:00,0.00%,0,$0.00
Kettering,1,100.00%,1,0.00%,2.00,00:00:00,0.00%,0,$0.00
Kirkwood,1,100.00%,1,100.00%,1.00,00:00:00,0.00%,0,$0.00
Lake Magdalene,1,100.00%,1,100.00%,1.00,00:00:00,0.00%,0,$0.00
Lionville,1,100.00%,1,100.00%,1.00,00:00:00,0.00%,0,$0.00
Midwest City,1,100.00%,1,100.00%,1.00,00:00:00,0.00%,0,$0.00
Milwaukie,1,100.00%,1,100.00%,1.00,00:00:00,0.00%,0,$0.00
Montgomery,1,100.00%,1,0.00%,3.00,00:00:18,0.00%,0,$0.00
Nether Providence Township,1,100.00%,1,100.00%,1.00,00:00:00,0.00%,0,$0.00
North Decatur,1,100.00%,1,100.00%,1.00,00:00:00,0.00%,0,$0.00
North Naples,1,100.00%,1,0.00%,2.00,00:00:00,0.00%,0,$0.00
North Syracuse,1,100.00%,1,0.00%,4.00,00:00:00,0.00%,0,$0.00
Orcutt,1,100.00%,1,0.00%,2.00,00:00:00,0.00%,0,$0.00
Palm Beach Gardens,1,100.00%,1,100.00%,1.00,00:00:00,0.00%,0,$0.00
Palm Springs,1,100.00%,1,100.00%,1.00,00:00:00,0.00%,0,$0.00
Pittsfield charter Township,1,100.00%,1,0.00%,8.00,00:01:20,0.00%,0,$0.00
Progress,1,100.00%,1,100.00%,1.00,00:00:00,0.00%,0,$0.00
Shoreline,1,100.00%,1,0.00%,2.00,00:00:00,0.00%,0,$0.00
Simsbury,1,100.00%,1,100.00%,1.00,00:00:00,0.00%,0,$0.00
Spring Hill,1,100.00%,1,100.00%,1.00,00:00:00,0.00%,0,$0.00
Spring Valley,1,100.00%,1,0.00%,2.00,00:00:00,0.00%,0,$0.00
Stonington,1,100.00%,1,100.00%,1.00,00:00:00,0.00%,0,$0.00
Tamarac,1,100.00%,1,100.00%,1.00,00:00:00,0.00%,0,$0.00
Thornton,1,100.00%,1,0.00%,2.00,00:00:00,0.00%,0,$0.00
Tukwila,1,100.00%,1,0.00%,0.00,00:00:00,0.00%,0,$0.00
Waipio,1,100.00%,1,100.00%,1.00,00:00:00,0.00%,0,$0.00
Washington Township,1,100.00%,1,0.00%,2.00,00:00:00,0.00%,0,$0.00
Wauwatosa,1,100.00%,1,100.00%,1.00,00:00:00,0.00%,0,$0.00
Withamsville,1,100.00%,1,0.00%,4.00,00:00:18,0.00%,0,$0.00
Woodbridge Township,1,100.00%,1,100.00%,1.00,00:00:00,0.00%,0,$0.00
Sunshine Coast,1,100.00%,1,100.00%,1.00,00:00:00,0.00%,0,$0.00
Fuefuki,1,100.00%,1,100.00%,1.00,00:00:00,0.00%,0,$0.00
Imizu,1,100.00%,1,100.00%,1.00,00:00:00,0.00%,0,$0.00
Kizugawa,1,100.00%,1,100.00%,1.00,00:00:00,0.00%,0,$0.00
South Tangerang,1,100.00%,1,100.00%,1.00,00:00:00,0.00%,0,$0.00
Bucak,1,100.00%,1,100.00%,1.00,00:00:00,0.00%,0,$0.00
Sakarya,1,100.00%,1,100.00%,1.00,00:00:00,0.00%,0,$0.00
Binangonan,1,100.00%,1,100.00%,1.00,00:00:00,0.00%,0,$0.00
Tallinn,1,100.00%,1,100.00%,1.00,00:00:00,0.00%,0,$0.00
Pireas,1,100.00%,1,100.00%,1.00,00:00:00,0.00%,0,$0.00
Athens,1,100.00%,1,100.00%,1.00,00:00:00,0.00%,0,$0.00
Riga,1,100.00%,1,100.00%,1.00,00:00:00,0.00%,0,$0.00
Guaynabo,1,100.00%,1,100.00%,1.00,00:00:00,0.00%,0,$0.00
Bayamon,1,100.00%,1,0.00%,2.00,00:00:00,0.00%,0,$0.00
Ljubljana,1,100.00%,1,0.00%,2.00,00:00:00,0.00%,0,$0.00
Maribor,1,100.00%,1,100.00%,1.00,00:00:00,0.00%,0,$0.00
Banska Bystrica,1,100.00%,1,100.00%,1.00,00:00:00,0.00%,0,$0.00
Bratislava,1,100.00%,1,100.00%,1.00,00:00:00,0.00%,0,$0.00
,"4,964",83.22%,"4,131",64.67%,3.27,00:01:23,0.00%,0,$0.00
